content,score
Good job buat pintu saya kasih 5 ..kembangkan terus & sukses..,5
"Aplikasi ringan, deposit dan wd banyak pilihan, mudah di pelajari dan di gunakan sangat cocok untuk pemula yang masih belajar karna minimum tradingnya kecil. Sukses untuk Pintu... ğŸ˜Š",5
Kenapa utk Crypto Solana tdk bisa dilakukan pembelian?,3
"Mau bikin koin hebat, apa cari cuan aja, emang masih kurang kaya? bkin koin di harga btc turun, masa gatahu btc mau turun, liat grafik koin pintunya rata turun bosss..",4
"Semakin susah kirim idrt ke binance,ngga seperti dulu lagi.....",3
Cara ganti no hp gimana,2
Mantap ini aplikasi... Kirim aja lama seharian g bisa2...,1
Lagi coba dulu,2
Perlu ditingkatkan lagi,1
Versi sahamnya kapan diterbitkan??,5
@ r a f f a e l l 9 7=nicname nya jangan lupa ya buat pengguna baru ada bonusnya lo<!!!!!!!!!!!!!!!!!!!!!!!!!!!!!!!!!!!!!!!!!!!!!!!!!!!!!!!!!!!!!!!!!!!!!!!!!!!!!!!!!!!!!!!!!!!!!!!!!!!!!!!!!!!!!!!!!!!!!!!!!!!!!!!!!!!!!!!!!!!!!!!!!!!!!!!!!!!!!!!!!!!!!!!!!!!!!!!!!!!!!!!!!!!!!!!!!!!!!!!!!!!!!!!!!!!!!!!!!!!!!!!!!!!!!!!!!!!!!!!!!!!!!!!!!!!!!!!!!!!!!!!!!!!!!!!!!!!!!!!!!!!!!!!!!!!!!!!!!!!!!!!!!!!!!!!!!!!!!!!!!!!!!!!!!!!!!!!!!,5
kone referalnya @ r a f f a e l l 9 7 =bagi kalian yang baru gabung karna ada bonus buat pengguna baru<!!!!!!!!!!!!!!!!!!!!!!!!!!!!!!!!!!!!!!!!!!!!!!!!!!!!!!!!!!!!!!!!!!!!!!!!!!!!!!!!!!!!!!!!!!!!!!!!!!!!!!!!!!!!!!!!!!!!!!!!!!!!!!!!!!!!!!!!!!!!!!!!!!!!!!!!!!!!!!!!!!!!!!!!!!!!!!!!!!!!!!!!!!!!!!!!!!!!!!!!!!!!!!!!!!!!!!!!!!!!!!!!!!!!!!!!!!!!!!!!!!!!!!!!!!!!!!!!!!!!!!!!!!!!!!!!!!!!!!!!!!!!!!!!!!!!!!!!!!!!!!!!!!!!!!!!!!!!!!!!!!!!!!!!!!!!!!!!!!!!!!!!!!!!!!!!!!!!!,5
Good,5
"bagus dan sangat mudah di gunakan,,jangan lupa isi nickname = @raffaell97 ;ada bonus buat pengguna baru lo<!!!!!!!!!!!!!!!!!!!!!!!!!!!!!!!!!!!!!!!!!!!!!!!!!!!!!!!!!!!!!!!!!!!!!!!!!!!!!!!!!!!!!!!!!!!!!!!!!!!!!!!!!!!!!!!!!!!!!!!!!!!!!!!!!!!!!!!!!!!!!!!!!!!!!!!!!!!!!!!!!!!!!!!!!!!!!!!!!!!!!!!!!!!!!!!!!!!!!!!!!!!!!!!!!!!!!!!!!!!!!!!!!!!!!!!!!!!!!!!!!!!!!!!!!!!!!!!!!!!!!!!!!!!!!!!!!!!!!!!!!!!!!!!!!!!!!!!!!!!!!!!!!!!!!!!!!!!!!!!!!!!!!!!!!!!!oke de",4
Baru mau coba jd 2 bintang dulu,2
Gak bisa login,1
Ok,5
"Masukan utk tim develop pintu, disegerakan trading deposit agar dapat diakses melalui web resmi pintu, karna lewat hp masih banyak bug dan hang ketika ingin buy/sell coin serta melihat market candle terkadang hang 3s baru bisa geser market candle, terimakasih.",2
Bagus bangat ini aplikasinya..mudah di pahami,5
"Sangat simpel dan gak pake ribettt,,responsibleğŸ˜ğŸ˜ğŸ˜ğŸ˜ğŸ˜",5
"Ingat yaaa, ada bonus di pintu untuk pengguna baru yg memasukan nick@""KODEUNIK"" saat mendaftar dan jangan lupa ikut join di group telenya, banyak info"" berguna soalnya!!!<<<!!!!!!!!!!!!!!!!!!!!!!!!!!!!!!!!!!!!!!!!!!!!!!!!!!!!!!!!!!!!!!!!!!!!;;;!!!!!!!!!!!!!!!!!!!!!!!!!!!!!!!!!!!!!;!!!!;!!!!;!!!!!!!!!!!!!!;!!!!!!!!;!!!!!;!!!!!!!!!!!!!!!!!!!!!!!!!!!!!!!!!!!!!!!!!!!!!!!!!!!!!!!!!!!!!!!!!!!!!!!!!!!!!!!!!!!!!!!!!!!!!!!!!!!!!!!!!!!!!!!!!!!!!!!!!!!!!!!!!!!!!!!!!!!!!!!!!!!!!!!!!!!!!!!!!!!!!!!!!!!!!!!!!",5
ğŸ‘ğŸ‘,5
Top,5
Biyaya admin nya mahal bangeeeeetttt,1
error mulu,2
Fitur jual-belinya super LELET. Harga beli n jual TIDAK SESUAI yg tertera. Aplikasi ini Sering ERORRRRRRR. PENIPU,1
"Masa invest mulai 4,7jt cokkkk, katanya 11rb",1
"Kenapa transaksi minimum bitcoin jadi 4,7 jt ya, uangku jadi tertelan nih, mana lagi butuh lagi... Responya dong!",3
Kok saya tarik saldo dari coin nya gabisa ya help,1
Kenapa min pembelian btc jadi 4.7jt? Padahal tadi siang masih bisa min 11k,1
Aplikasi ga guna ngen uh giliran beli eror pas dijual maintenance licik bgt anjirrr,1
Kenapa sekarang transaksi minimal nya berubah jadi 4700rb. Lah trus aset saya gmna bisa di ambilnya klo aset yg saya semula 400rb susut 200rb. Sekarang saya mau tarik malah dibuat minimal 4700rb. Sedih banget rasanya,1
Sering errorrrrrr,1
Bagus sih cuma maintence nya dipercepat,3
Ok,5
Mantap,5
Bermasalah teros,1
di update makin lambat aplikasi nya mau jual aj payah,1
Mantab,5
"Ahhhh ,,,, Masih lemot",2
Dtunggu bonusnya,5
Good,5
A D A Y A Ng Dan Pas Di Ya,5
Kalo beli salah satu saham pasti naik y lama tp kalo g beli naik turun y cepet hadeuuuhhh,1
MantapğŸ‘,5
Masih Mempelajari Apl,5
Aplikasi penipu masak saya udh pke kode reffnya nmyang dpt bonus 50k tpi gak adaa penipuuuuuuuuuuuu tutup aja lah kau lagi apk,1
"Lemot,,jual/beli lebih cepat versi sebelumnya",3
luar biasa,5
biayanya tranfer crypto di pintu gak ngotak semua rata rata 600 ribuan ogah gw dagang disini yg ada tekor,1
Gunakan refferal @sinarputih . biar invest mu tambah bersinar,4
Mantap,5
Yuk invest berjamaah pakai referal @indrarizki13823,4
Ok,4
Semoga amanah,5
sya penguna baru ... smga bisa bruntung di sni ....,5
nice good,5
semogah dapat hadia airdrop lagi terima kasih Pintu,5
Aplikasi banyak bug,1
Jozzz,5
top markotop pokok ke wesss,5
"Jadi lebih mudah bersama pintu ditambah ada nick yg bisa kita cantumkan untuk dapat bonus yaitu @BUKAPINTU, lumayan loh bonus gratisnya<<!!!!!!!!!!!!!!!!!!!!!!!!!!!!!!!!!!!!!!!!!!!!!!!!!!!!!!!!!!!!!!!!!!!!!!!!!!!!!!!!!!!!!!!!!!!!!!!!!!!!!!!!!!!!!!!!!!!!!!!!!!!!!!!!!!!!!!!!!!!!!!!!!!!!!!!!!!!!!!!!!!!!!!!!!!!!!!!!!!!!!!!!!!!!!!!!!!!!!!!!!!!!!!!!!!!!!!!!!!!!!!",4
"Parah harga live, estimasi hingga harga final selalu beda. Tp yg pasti itu merugikan pelanggan.",1
good job ğŸ‘ğŸ‘ğŸ‘,5
"Apk sudah ketinggalan zaman,coin cuma sedikit system tidak jelas !!!!",1
App ini. Gk brmutu. Lah. Kcewa.kasih bintang 1 makasih,1
Apk yg sangat bagus,5
Mantap,5
Good,5
Ini bagaimana sih ngerjain orang terus ....saya sudah empat kali suruh ngulang terus terusan poto selfi.. Itu kan yang potoin saya sendiri bukan orang lain...malah alasan harus potoin sendiri...udah tau itu yang poto saya sendiri... Dah ajah kalau saya tidak bisa daftar tolong hapus data data saya di apk pintu. Baru kali ini Daftar aplikasi yanf Ribet Cuman apk PINTU doang. Malah ngerjain orang disuruh poto selfi terus terusan harus poto ulang,1
"Saya kecewa sama APK PINTU ini baru juga daftar sdah gk nyaman kayak gini, saya transaksi udah ajak teman dan teman memasukan kode undangan saya bahkan dia sdah transaksi juga, tapi saya dan teman yg saya undang gk dapat apa"" saya chat admin nya 1 jam sekali bahkan gk di balas"" lagi gk sesuai dengan event fan promosi nya",1
Im interested,5
permisi untuk pihak pintu tolong tambah coin tron dan dash dong biar lebih mantap,4
Setelah di update alamat wallet nya ko jadi berubah???,4
Josss tapi speed harga lumayan hmmm,5
sangat bagus,5
Gimana kalo lupa akun gmail... sudah daftar tapi lupa,1
bagus,5
4 duluyo bos......semoga lancarrrrrrr,4
Pengalihan aset kok tggu lama deposit mah cepet giliran dialihkan mlh dana lenyap tadinya bintang 5 gua rubah jadi bintang 1 wong slow respon..pikir2 LG aja klo download apk ini..,1
"Mantap pintu, dapat real uang untuk dipasarkan.. Maju terus pintu ajaib",5
Verifikasi lama banget bilangnya 5 menit tapi udh 2 jam ga di acc,2
Mantap,5
Mantap,5
ğŸ˜˜,5
Bagus,5
Kapan pintu rilis shiba,5
Luar biasa,5
"Mantap, gimana cara yaa biar dapat bonus....",5
Bgus,5
"Aplikasi paling berguna banget buat menjual dan membeli mata uang digital dan aplikasi ini menjadi wallet yang terpercaya sekali, untuk pengguna baru masukan nickname referal ( @-wakadombrenk-87 ) agar dapat komisi dari teman, aplikasi ini sangat mudah digunakan untuk yang baru kenal crpto!!!!!!!!!!!!???????!!!!????!!!!!!!!!!!!?!!!!!!!!!!!!!!!!!!!!!!!!!!!!!!!!!!!!!!!!!!!!!!!!!!!!!??!!!!!!!!!!!!!!!!!!!!!!!!!!!!!!!!!!!!!!!!",5
"Bagus tingkatkan, jngan lupa masukkan kode refferal untuk bonus @reygiz",5
Potongan beli sama jualnya tambah parah bukannya cuan malahan tekorğŸ‘ˆ,1
Mantap wd depo super cepat,5
Bagus tapi tolong untuk pilihan cryptonya di tambahin,5
baru nyoba investasi krna sdh diawasi ojk dan semoga aj ya aplikasinya aman,4
"Mata uang msh sangat minim,BCH,Ltc,trx,monero,Zec,Dash,DGB ga ada.satu lg kelemahan pintu msh blm support jaringan trc20 dan bep20...tolong kembangkan lg sprti wallet terbesar nmr 1 di indonesia indodax",1
ka apakah wajig pake kode reff teman terkait pintu bagi btc Rp. 50000.?,4
Lebih mirip aplikasi maling ya... sread nya ga besar bgt... sampe kapan tetep kalah mulu....,2
Cocok banget buat pemula...,5
Mending di pintu juga dah..kalo investasi cepat wd nya topup pun masuk kilat...apa lgi di barengin pas awal daftar masukan @masterku....sooo ambil bonus saldonya ..bisa langsu kuga buattt investasi loh..kuy<<<!!!!!!!!!!!!!!!!!!!!!!!!!!!!!!!!!!!!!!!!!!!!!!!!!!!!!!!!!!!!!!!!!!!!!!!!!!!!?!!!!!!!!!!!!!!!!!!!!!!!!!!!!!!!!!!!!!!!!!!!!!!!!!!!!!!?!!!!!!!!!!!!!!!!!!!!!!!!!!!!!!!!!!!!!!!!!!!!!!!!!!!!!!!!!!!!!!!!!!ğŸ˜ƒ,5
"Nice, semakin lama firur nya semakin lengkap..",5
Tolong dong di perbaiki bagian jua/beli....,4
Mantap,5
Mantap,5
Mantap,5
"Ok baguslah, lancar Deposit dan juga lancar Withdrawal (gak pake lama),berarti gak abal2 ini aplikasi,untuk urusan hasilnya itu mah tergantung hoki.",5
Jaringan LeLettttttt... ğŸ‘ğŸ‘ğŸ‘ğŸ‘ğŸ‘ğŸ‘ğŸ‘ğŸ‘,1
Ok,5
"NICE...mudah tuk digunakan,jarangÂ² mau kasi ulasan.sepanjang pengunaan amanÂ² saja",5
Respon cs nya lama banget,1
Aplikasi bagus buat belajar trading bagi pemula,5
"Min kok biaya admin nya mahal jga ya apalagi tranver antar bank . Diaplikasi sebelah plu**g sangat murah ,semoga kedepannya aplikasi ini bisa jadi solusi utk investasi milineal",4
Aplikasi good,5
Buat saya yang masih pemula Aplikasi Pintu sangat membantu Karena Simple dan mudah di pahami,5
Apk sgt bgus....banyak belajar banyak ilmu banyak pemasukan,5
mantul,5
Muwaannttaappppooollll,5
Ketuk pintu dulu biar masuk ke dalam dunianya,5
"Saya baru,,,karenan saya mendapatkan bonus di google sebesar Rp7000000....tapi harus download dulu aplikasi pintu dan daftar.,tapi setelah saya daftar bonusnya belum masuk ke akun saya...user name@khodirsaputra11274",1
Luar biasa keren,5
Lumayan buat uang jajan,5
"Kenapa saya tidk bisa bli token padahal saya memiliki saldo,dan terus terulang tulisan yg menyuruh saya untuk membuat ulang nilai nominal,selalu seperti itu,",1
Lumayan,5
kode udagan @cermins,5
"Jangan mau pakai aplikasi ini, tadi pagi sy WD 50rb, WDnya berhasil, dan pemberitahuannya masuk ke rekening bank sy, pas sy cek berulang kali sampai saat ini belum ada masuk ke rekening sy Gimna nih min coba diperbaiki, atau memang mau nipu atau apa? Kucup sy aja yg kena seperti ini. Sy udh minta tolong sm pihak pintunya yaa tapi sampai saat ini belum ada yg ngebales laporan sy",1
Jos,4
Aplikasi yang sangat bagus.!ğŸ‘,5
Saya kecewa deposit dari truswallet coin bnb tidak masuk masuk,1
"Very good application, the features provided are also complete. I hope in the future it can be at another level to be better, but so far it has been very good.",5
"Kapan ini Pintu bisa Ada jual beli Crypto LTC 'LiteCoin' ? Mohon Dong Mimin munculkan Crypto LTC di PINTU agar makin Mudah buat pengguna ğŸ¥°,",5
Mantap,5
Good,5
chat suportnya gak membantu nanya txid doang gak ada tindak lanjutnya padahal itu hal yang harus di utamain untuk pengguana mengamankan transaksinya klo ada apa apa,1
Mantap ...... ..................,5
Ga bisa jual/beli harga berubah terus mau jual saja lemoot parah,1
"Dari sisi penggunaan dan UI, enak, simple. Cuma dari kinerja, agak lemot/berat, apalagi input PIN. Belum ada versi dekstop nya ya?",4
Bagus sekali,5
Mantab,5
Saya penguna baru smoga dpet haddiahh,4
Biar bintang yg brbicara,5
"Aplikasi yang bagus kita bisa dpt cuan disini,,Dev kalau bisa di kasih fitur auto buy and sell pasti lebih manteb lagi. reff @songgolangit510456",5
Tolong dong ditambahin limit order. Auto order sama ditambahin grafik lebih full untuk teknikal analisis trading,3
"Performa aplikasinya sangat lambat. Utk melakukan sebuah tindakan jual atau beli hrs tunggu lebih dr 7 detik. Padahal sinyal penuh dan ram hp saya 3gb, tp perasaan kyk hp ram 1gb dan sinyal buruk. Lemot bngt aplikasinya. Ampun dah. Gagal cuan, rugi trus klo mau profit",2
Simpel banget kreen..,5
mantap,5
Y bagus,5
Sungguh membantu pemasukan selama pandemi seperti sekarang ini,5
"Kenapa setiap kali mau deposit susah, padahal no VA nya udah betul",3
"Entah kenapa klo trading pintu dihp operasionalnya kyak laq gitu, padahal ram msih bnyk loh tolong ditingkatkan lagi kinerjanya",3
Transaksinya joss ga pake lama,5
"Aplikasi yg lbih mempermudah kegiatan transaksi di pintu, good job",4
Bagus,5
"Ya akhirnya KTP gua disini sia Sia,gara gara hp gua reset eh pas gua masukin lagi ternyata baru lagi dan nyeseknya katanya belum pernah verifikasi ,gak kayak apps sebelah,mau hp nya ilang yg penting kita masukin akun Gmail kita ya selesai",1
Bagus,5
"Apk nya nge lag, perlu ditingkatkan",3
âœ”ï¸,5
"HENTIKAN KECURANGAN INI. Kita beli Alice diharga 303.xxx estimasi harga 304.xxx dan pas bayar harga final 306.xxx ! Saya bolak balik terus, ternyata memang sengaja curang harga sudah ditambahi 2000 per item. Untuk semua pengguna pintu harap cermat sebelum membeli karena dijamin bakal kere. Untuk semua saja yang terlibat dalam apk Pintu, pada inget mati woy!",1
"aplikasi yg bagus utk para pemula yang ingin belajar crypto, saya saranin untuk download aplikasi ini",5
Menarik,4
ok,4
Aplikasi downloadnya mudah tetapi bila masuk beli susahnya minta ampun dan begitu pula untuk jual susahnya minta ampun tidak bisa untuk menjual mana janjinya diberi kemudahan tetapi memberikan kesusahan aplikasi ini saya minta penjelasannya dan bukti bahwa aplikasi ini memberikan keuntungan bukan memberikan kami kesusahan maupun kesulitan dalam membeli maupun menjual mana buktinya dong saya tunggu penjelasannya dan juga bila memakai aplikasi dari luar bank kenapa lemotnya minta ampun.,1
cbalah,5
app terbaik pokonya jual crypto instan penarikan bank instan banget ga sampe 5 mnit lngsung masuk rekening ğŸ˜˜ğŸ˜˜ respon jg cepat pkony trbaik.. saran saya cma 1 tolong tambahin jringan bep20 BSC biar sya bsa narik ke pintu stiap hari..dn prthankan trs pintu sprti ini smuanya srba cpat,5
Very Good,5
"Dev tolol, Harga Lounch ATH $30 terus turun aja sampe jadi ampas. Blum lagi ada Airdrop Bybit. Tambah hancur dah tu Token. Modal dikit buy back napa? Ini dibiarin hancur tuh token, partner mah gak usah diraguin, Dev nya aja yang tolol. Mungkin udah kenyang Makan Duit presell",1
gmma,4
"Jgn main disini krn potongan 2 kali, pertama pas deposit kedua pas narik dana ke rekening buat biaya admin. Criptonyo jga dikit mendingan invest di pluang, tnp biaya apapun.",1
"Seru banyak cuan nya brooo,,, moga aja ada lagi event bonus nya, kemarin doge ga beruntung hemz....",5
"Untuk saat ini ok sih,tapi lebih ditingkatkan lagi dan dipermudah.",3
"pintu tidak bisa masuk ke aplikasi, penipuan uang di aplikasi 30 jt dan tidak bisa di cairkan",1
Bagus banget untuk pemula seperti saya @sudel88,4
"deposit mudah,tp pas harga naik gak bisa jual,alasan harga udah berubah,ujung2nya ya jual di harga murah.....gak lagi2 deh deposit ke pintu sebelum ada fitur auto cell....",1
bagi yg baru pakai pintu ini menurutku permainan game jadi di pelajari dulu jangan langsung main beli permainanya jika harga turun bisa di beli jika naik siap di jual ingat terus siapa yang bisa menaikan harga dan turun itu pasti yang lebih hebat dari pada kita ok.,5
Ok buat ku untuk pemula,4
Good job,5
Baru mau uji coba,4
Lebih ringan dan elegant,5
"Aplikasi luar biasa, saya like sekali sama apk pintu. Semoga kedepan semakin sukses, dan semoga koin pintu sukses dimasa depan",5
Coba bisa kirim ke ewalet juga.pasti lebih bagus,4
Ok,5
Aplikasi yang sangat memguntungkan penggunanya,5
Tolong tambahin MANA SOL juga kpn selesai dari maintenance?,5
"Depo rupiah ga masuk"", chat support in apps no respon, admin tele jg no respon. Terus mesti kemana lagi ?",1
Pilihan Bijak adalah Pintu trad,5
Kenapa deposit saya belum masuk2 dari tadi,1
Saya harap pintu bisa deposit menggunakan bri,4
Oke...,5
Ok,5
Good,5
lebih bagus kode OTPnya masuk di email juga..,4
"Baru gabung, blm coba. Overall OK",4
"Jual dan beli aset digital yang paling mudah,suka bamget",5
Nyaman dan mudah dimengerti,5
Mantab bisa cuan trs,5
"Mudah di gunakan, apalagi untuk pemula.. Mantap pokoknya",5
Bagus banget buat saham bigkoin,5
Mantap!!!! Semoga pintu kedepannya makin makmur dan selalu mangadakan event dan bonusğŸ‘ğŸ‘ğŸ‘,5
Akun gw ilang setelah pindah hp baru... Woe..gimn ni mau masuk lg susah amat.makin ribet Lo,1
Great,5
Sangat bagus,5
Mudah dimengerti untuk pemula yang mau belajar trading,5
Aplikasi terbaik dan terpercaya,5
"Mantap kali,,semangat Pintu",5
Bagus,5
Untuk orang Indonesia sangat cocok apalagi yang kurang paham BHS Inggris bisa treding disini dan inves tanpa ribet,5
"hati hati deposit tidak masuk, lapor via email tidak ada respons !!!",1
Kenapa proses wd lama sekali di chat tidak merespon bagaimana dana saya ini,1
"Dear admin/author/dev tambahkan beberapa opsi coin lain dong, seperti dash atau Tron",5
Ok,5
Semoga lebih di permudah dalam transaksi..,5
Dicoba @mukhlisintijani519,2
apk luar biasa,5
"kinerja lambat, deposit tidak masuk"" benar"" mengecewakan.",1
Saya barusan deposit rupiah kok belum masuk ya?,2
Proses lambat dah dibilang nomor HP gue hilang berkas smua sesuai Verifikasi diakun sesuai idetitas gue masih juga gk percaya gimana sih biar anda percaya itu berkas saya pokok nya saya kasih bintang 1 smpai brp minggu gk ada perubahan saya kecewa benar sama pintu,1
Luar biasa,5
Apk ny bgs,5
Top,5
Lumayan bagus,3
"Aplikasi trading crypto paling recomended buat trading dan investasi Apalagi Ada grup telegramny admin jg ny baik baik dikasih step step buat para pemula belajar trading untuk fee wd ny murah bgt Untuk Deposit ny jg bisa mudah bisa pake bank sama ewallet shopee,dana,gopay sama ovo cocok dah di masa covid-19 ğŸ˜ğŸ˜ğŸ˜ğŸ˜™",5
Baru mau coba terjun tapi belum ada modalğŸ˜”,2
Ternyata lebih nyaman di aplikasi sebelah. Hmm â˜ºï¸,1
"di coba star 5, samaÂ² belajar. @agusblack418171",5
Baguuuuuus banget,5
Semua Dalam genggaman..,5
"Secara tampilan dan banyak koin yg di jual sudah sangat oke, tetapi akhir2 ini aplikasinya utk jual beli tidak se smooth dulu.",3
"Terimakasih pintu di kasih 1 PTU, pake @pria10 biar di kasih 1 token PTU lagi",5
"Hp eror,instal lagi Pintu..kok saldo saya hilang ( Beli SAND & ETHEREUM).. untung baru coba2..ğŸ˜‚ğŸ˜‚ğŸ˜‚,,nilai uangnya kecil",1
good app,5
"Cocok buat pemula mudah di pahami. Tapi kalau bisa penarik kannya bisa, DANA. OVO",5
@mysatrio012,5
Mantap,5
"Sangat membantu, semoga menjadi pintu kesuksesan bagi rakyat Indonesia ğŸ‡®ğŸ‡©",5
Nyoba dulu Ach. Nanti tambah bintang kalau indah pada waktunya,3
polume musik pol bagat,5
"Oy min , saya males ferisikasi lewat kamera , identitas mksdnya , sediain fitur upload from galeri Lah.... ngk pake baju jgk ini -_- , kalo fiturnya uda ada aku genapin bintangnya dan ferisikasi ğŸ–ï¸",4
Trimakasih atas hadiah2 yng tlh di berikan,5
Mantap,5
"Event yang di tawarin ga main main untuk event 2-5 Desember , ayo buruan download aplikasi pintunya lalu daftar dan jangan lupa masukin no reff: @agilaxus94138. ,agar dapat uang 50rb",3
Mantap surantap pokok nyağŸ¥°,5
Good,5
Krg ngeti,1
Bagus sih aplikasi ini wajib di downloadğŸ‘ğŸ‘,5
"GAUSH LIAT KEBAWAH, KALO MAU BONUS MASUKIN REFF YAHH @KEEZY",5
"fitur bagus, user friendly, cocok untuk pemula seperti ana, walo sedikit berat tapi masi oke lah, hmmm apalagi ya, kalo bisa ada grafis candlestick realtime diweb nya, selebihnya its okeh, ditunggu fitur2 baru nya, dan yang gabung jangan lupa input @isurg ya, salam pintu ğŸšª",5
"Menurut saya bagus,yang ada perbedaan harga waktu mau beli krn hp nya kurang ngegas.jika hp nya lemot ya pasti akan beda..penarikan,deposit,jual/beli menurutku cepat. Intinya harus sabar biar bisa profit.. Pake referral @fi3farrel836 biar sama2 cuan",5
Mudahkanlah.. Dapat cuan...,5
Pintu pokonya mantab deh... Yg baru dan belum punya kode refferal pake kode saya : @ikhwanabdillah1 Banyak bonus nya lho otomatis langsung dapat saldo 50 di BTC 30rb di token dan 100rb secara acak,5
"Aplikasi sering error saat jual dan beli, ğŸ‘",1
mantap,5
"Saya dapat vucer 50rb dari samsung member kok gak masuk sampe expire, Saya kasih bintang 1 karena saya kecewa masih ada yang begini di indonesia.tolong tepati janji baru saya betulkan bintangnya.",1
Makasih pintu.akun sy SDH on lagi Butuh waktu utk reset GA...ahirnya di reset sama pintu....,5
Good Apps,5
"Setelah update sekarang saya jatuh miskin, karena pada saat konfirmasi penjualan harga jauh lebih rendah dari estimasi harga jual.. Ini sangat tidak sesuai sekali bisa di kategorikan penipuan.. Tolong di perbaiki & di tanggapi agar pengguna nyaman & senang menggunakan pintu..",1
Aku berharap penarikan nya bisa lewat dana bukan cuman lewat rekening,3
Jousssss ğŸ‘ğŸ‘,5
Jaringan nya lambat mohon di tingkat kan,3
Mantap..pintu. Pokonya.. yg mau .. gabung.. pake @alitdewa99.. .. aku kasi bintang 5 pokoknya..,5
"Dari semua aplikasi cuma ini apliaksi tercepat, ternyaman, sederhana tapi mewah, ga ribet sama sekali, dan yg pasti bisa di percaya. Cuma satu sih yg bikin gue betah,, sederhana dan mudah di gunakan. Kalo aplikasi lain terlalu ribet, jadi males buat buka, pasti langsung uninstal. Sukses terus PINTU.",5
Good,5
Semoga cita-cita ku di aplikasi ini tercapai aminnnğŸ™,5
"Aplikasi wallet mata uang digital era jaman now, dan sangat bagus sekali karena kita bisa dapatkan cuan dengan mudah di sini, untuk yang baru punya akun di pintu masukan referal nickname di atas judul agar dapat bonus yang kalian terima, keamanan di sini sangat terjamin sudah diawasi ojk dan kominfo serta Bappebti juga, salam dari Binjai.",5
Mantap......uang saya jadi bertambah...!!!,5
"Klw ad bintang setengah,,aku kasih buat apk ini. Msh perkara verivikasi aj sulit ny bukan main. Sudah berulang x sllu gagal. Ap lg mslh yg brhubungan dengan uang x yah.... Chat operator hri ini ngchat lusa bru d bls. Yg bilang apk ini bgs, pasti antek2 ny... Para pegawai ny mungkin ya... He,,he,,he",1
Referal @dwih260483,5
Mantap buat yg baru belajar,5
mantp pokonya,5
Layanan chat support lama... Beli dogecoin saldo gak masuk masuk tapi saldo IDR udh kepotong.. minta bantu diproses lama gak ada balasan.. ğŸ‘ğŸ‘ğŸ‘ğŸ‘ğŸ‘,1
Parah banget saya nggak bisa masuk ini karena lupa kode Google authenticator milik saya saya sudah email ke cs nya tapi nggak ada balasan sama sekali parah lama Respon nya,2
Lumayan puas,5
"Luar biasa banget aplikasi ini, dapat cuan banyak dengan beli coin murah pas mahal jual, gitu2 aja, yang penting mah sabar dan jangan pakai duit beras pake duit kopi aja<!!!!!!!!!!!!!!!!!!!!!!!!!!!!!!!!!!!!!!!!!!!!!!!!!!!!!!!!!!!!!!!!!!!!!!!!!!!!!!!!!!!!!!!!!!!!!!!!!!!!!!!!!!!!!!!!!!!!!!!!!!!!!!!!!!!!!!!!!!!!!!!!!!!!!!!!!!!!!!!!!!!!!!!!!!!!!!!!!!!!!!!!!!!!!!!!!!!!!!!!!!!!!!!!!!!!!!!!!!!!!!!!!!!!!!!!!!!!!!!!!!!!!!!!!!!!!!!!!!!!!!!!!!!!!!!!!!!!!!!!!!!!!!!!!!!!!!!!!!!!!!!!!!!!!!!!!!!!!!!!!!!!!!!!!",5
"PARAH BANGSAD BUKA PORTOFOLIO TULISAN NYA MOHON MENUNGGU MULU. SERVER KNTOL PADAHAL WAKTU "" NYA NAIK MAU NGEJUAL GBLOKK",1
Ok mantap baru beberapa hari terbang pesat. Thanks PINTU . Jngn lupa pakai referral @nurbayaticute88111. Tetap berjuang ğŸ™ğŸ¤—,5
Mudah menggunakannya..,5
Aplikasi yang begitu membantu.,5
Mantap lah,5
"bintang 3 dulu, nanti kalo udah bira tarik via dana, ovo, dll di tambahin lagj",3
"Banyakin lagi criptonya,,, terus biaya jual beli ny jangan mahal2",4
Yg mau daftar pakai refferal saya biar dpt keuntungan bersama @annisasikumbang650,4
Bisa d bantu yg mastah2 d pintu....q blom masukin referal ni,4
"Rasakan aplikasinya, Desain aplikasi yang simpel dan ramah pengguna menjadikan Pintu sebagai platform investasi crypto termudah di Indonesia yang cocok digunakan semua kalangan, Rasakan mudahnya membeli, menjual, serta mengelola aset crypto dengan berbagai fitur yang ditawarkan di aplikasi Pintu, Ditambah dengan tampilannya yang futuristik dan elegan, pengalaman kamu dalam menggunakan aplikasi Pintu akan terasa semakin menyenangkan!!!!!!!!!!!!!!!!!!!!!!!!!!!!!!!!!!!!",5
@udin2alam474,5
hayalan orang miskin semoga jd orang kaya..16HbNn3XiXCkAsyDP1n7rduf5urprDPoVV,5
Best,5
Ga masuk2 aplikasi bangke kali !! Ga ada yang bener buatan indonesia emang..,1
Semuga kedepannya aplikasi pintu lebih bermanfaat bagi msyarakat indonesia umumnya pada generasi mileneal yg komitmen dlm berinvestasi,5
"Mohon diperbaiki, aplikasi berat dijalankan, dan juga ditambah chart per menit",3
Ok,5
saran kami mohon ada peningkatan untuk pengembangan sell limit dan buy limit masak sich. trader di suruh jaga 24 jam penuh,4
Transaksi cepat siip pintu,5
Is the best,5
Aplikasi kripto tertolol yg pernah gw pakai. Dari sekian aplikasi kripto yg gw temui. Cuma aplikasi sampah ini yg gk jelas. Entah jam bearapa riset persentase nya . Baru aja -4% dengan harga 96.000 dan bberapa menit kemudian -0.10% masih harga sekitar 96.100. tak logis. Dan tak masuk akal harusnya naik harga lebih tinggi awas. Jangan gunakan apk ini. Tidak update dan tidak sama signal dengan aslinya. Hanya menguntukan pihak aplikasi. Dan menguras uang pengguna aplikasi.. TERPARAAH...,1
Pintu sangat mudah dan support sangat responsive,5
Tambahkan auto order Beli atau jual,4
Katanya sich dapat komisi bitcoin...tp dtgguin belum ada. Saya harap ada klarifikasi nya..??,5
Pintu sudah banyak membantu masalah keuangan saya Terima kasih banyakğŸ™,5
"Melakukan verifikasi kenapa susah banget,, foto udah jelas masih belum kebaca",1
"TOLONG LISTING SHIBA INU, EXCANGE DI INDO AJA UDAH MASUKIN SHIBA INU",5
Supportnya buruk,1
"Market,yg simpel dan mantullll bangeeeeeettt.ğŸ‘ğŸ‘ğŸ‘",5
Ok,5
Nice shot,5
"Platform ini sangat rekomended banget oiy, banyak bonusnya dan biaya adminnya juga terbilang sangat murah.. mantep, lanjutkan eventbnya",5
Sering maintenance dan harga jual beli yang tertera berbeda dengan harga final jauh lebih mahal,1
"Kenapa Saya tidak dapat bonus PTU? Ranting qw turunin satu, ntr klo dah dapat baru qw naikkan.",3
Aplikasi apaan ini. Loadingnya terlama... Mau beli asset terlama... Ngabisi waktu. Perbaiki lagi dah.,1
Tambahin fitur steking min,5
"mereka dapat gratisan, kenapa saya tidak?",1
Nice future,5
Parah Bos Mahal Banget ngirim ke trus Fee nya hmpir 90% ckckck,1
Aplikasi yg mantap no bacot dan basa basi,5
Lagi nyoba kasi 3 bintang dulu.,3
Min tolong masuk kan aset crypto shiba dan lite coin tks,3
Coba dulu,1
"Kekurangan pintu itu cuma satu ga mau add jaringan selain erc20 yang feenya ga ngotak, koin yang murah feenya macem xrp dan solana cuma bisa transfer sesama",2
Telat datang notifikasi code dari gmail nya tolong di perbaiki,1
"Hi pintu.. tks sdh ksh token pintu nya, maaf sy ksh bintang 3 krn proses jual nya kok susah sekali ya? Tdk seperti proses beli nya.. Sdh sy chat jg blum ada respon nya.. gmn mo dpt cuan klo proses ga lancar.. Tolong di perbaiki ya.. tks",3
"Rekening aja di tolak gimana saya bisa mencairkan dana.bagi yang mau berinvestasi lebih baik di pikir pikir dulu dengan matang saya di persulit kan di penarikan uang.tapi giliran deposit semuah bisa dari shopepay,gopay,dana dan lain lain ada",5
Mantap app nya lancar cepat juga,5
Aplikasi yg gampang buat pemula,5
"Kecewa!! receive idr dari tko ke pintu jaringan bep20 ga masuk"" !!",3
Mantul,5
"Susah masuk padahal udah verifikasi email.. mau masuk harus masuk otp terus, keluar lagi harus otp lagi terus aja begitu...",1
Lumayan ut pengisi waktu senggang.,3
Aplikasi bagus semoga berkah,5
Sya kasi rate 1 laporan saya tidak pernah ditanggapi,1
Koin Shiba donk d update,1
Walau br pertama kali.. dan sy blm tau bagaimana caranya.. sy ingin sekali profit buat hidup layak utk keluarga,5
"Untuk develop, tolong dikasih fitur demo biar yang pemula bisa coba coba dulu",4
OK,5
"Yuk yang mau dapat bonus ketika deposit, pakai kode referal berikut @ahmednuryani",5
Min tambahin buat stacking dong biar seru,4
Good,5
Aplikasi yg gampang di mengerti oleh pemula seperti saya ... Sngt rokemendet banget ... Untuk sementara masih mempelajari dlu sblum nanti star trading di aplikasi pintu ... Optimis sukses bersama pintu,5
mantap.....,5
Good apk,5
"Ni aplikasi pling mncekik,kita beli dmahalin dri hrga asli, kita jual dmurahin dri hrga aslinya, parah bget nyesel gua download ni aplikasi brengsek,dchat support gak ada balasan lg smpe skrg, giliran kita mau deposit cepet bget tanggapan nya, nyesel download",1
"Transaksi nya cepat juga mudah, tidak banyak aturan, pokok nya gampang banget ğŸ‘",5
"Baru dunlut,,, smoga bermanfa'at..",5
Oke,5
"Masih ada satu yg bikin gregetan dr pintu yaitu pd saat jual aset susah sekali soalny ngikutin Hrga jd gagal terus ap lg pas buru2 harga mau turun keburu los jadinya,di aplikasi sebelah tdk sprti itu jual lngsung sukses",3
Keren,5
Update selanjut nya tambah menu widget.untuk mempermudah pemantauan harga langsung dari background.makasih PINTU.,5
Kok ga bisa di wd sih duit kita asw,1
Kli bisa ga da potingan klo deposit . Spt d aplk lain jg grts. Tarik dana n masuk dana hrsny d kadih grtis jd tmbh pminat. Klo d pluang enak grts,2
Cukup,5
Mantap,5
Kereennn bgt .. gokill abiisss,5
"Promo yang ditawarin emang gak main main, sejauh ini masih bagus ketimbang tetangga sebelah wkwkwk. Lebih bagus lagi kalo ada fitur auto sell/increase/ buat take profit/stop lose. Sekarang cuma masih notif alert yang sebenarnya juga membantu sekali. Baru mau daftar dan butuh kode baru? Input @aprilsuwarno, sampe ketemu di DApps Pintu ğŸ¤—ğŸ¤—ğŸ¤—",5
Ayo bljar aset digital via PINTU...,5
Mantab trading mudah dipahami tingkatkan lagi eventnya,5
"sudah seminggu download apk pintu. Tapi tdk bs masuk untuk membuat akun karena kita harus verifikasi dgn OTP yg dikirim ke email. tp setiap melihat OTP yg dikirim ke email, aplikasi pintu juga kembali ke tampilan awal. jd bagaimana mau ngisi no OTP. Diulang2 seperti itu terus.. sementara kasi 1 bintang dulu.",1
Bisa bantu Login???,4
Tetaplah proposional..jangan ada kecurangan.maju terus pintu..,4
Jir baru tau lewat tv gua download lah N gampang banget pengoperasian nya gua aja baru belajar trending 2 hari dah bisa makasih pintu Untuk selanjutnya semoga lebih banyak update an untuk fitur penarikan nya Maju terusğŸ‘ğŸ˜€,5
Qku mau reset sandi tapibtidak dapat email reset nya gimana nih semoga cepat bisa ke buka lagi,4
"Saya coba instal, dari kemarin gagal terus... Mutar2 aja.. Instal aplikasi lain padahal sukses..",1
Aplikasinya sangat bagus,4
Tingkatkan terus biar semakin maju,5
Saya senang berinvest di sini,5
"Emang mantep ini aplikasi. Kalian yg belum dwonload, buruan deh download. Nyesel kalo engga download.",5
Nyoba kalo bener bintang 5,4
Bagus,5
ada batas minimal penjualan & cukup besar nominalnya. agak susah untuk kalangan menengah kebawah masa minimal jual Rp. 4.530.000,1
Coba dulu,4
"Sya kcewa punya sya gk pernah naik kadang anjlok banget gk balik modal ,ni gimna dong tanggapan nya yg lain naik malah aku gk,udh di update trus malu gk ada perubahan",2
IDI duluh nanti ditambah,3
"Program referal akan lebih ADIL jika ada link tauatan otomatis menautkan ke id pereferensi tanpa harus mengisi manual ID yg mereferensikan,jika manual sama saja banyak terjadi celah kecurangan dan tidak Adil",1
Aplikasinya bagus. Kode referral saya 54238 atau kamilmoh,5
Alhamdulillah semenjak gabung aplikasi ini bisa nambah uang jajan. Daftar yuk pakai refferal ini @pijarprbd02 banyak bonusnya lhoo.,5
Asuuuuuuu,1
Nice aplication,5
"Yg komen bnyak yg cari refral dri pda,ksih solusi... Emang tmpt promosi cri angota ap!!?? Pintu oke tp kendelnya terbatas..nanti semoga di perbaharuin supaya kayak market lain bisa tambah oke... Ksh bintg 3 krna msh blm dpt yg di inginkan..mf",3
nyobi dulu,4
Mantap bos sebagai mudah,5
Aplikasi nya loadingnya lama beda kayak sebelah,1
Aplikasi pintu emang ok.... Kamu wajib mencoba,4
Jelek... Nyesel depo disini.. Kebanyakan biaya admin...,1
"Keren, mudah juga penggunaannya, tapi saran juga banyakin aset cryptonya",4
masi kurang pengalaman,2
"Ayo download dan daftar menggunakan kode @ilhamnur untuk dapat benefit bonus dari setiap transaksi, selama seumur hidup. Happy cuan.",5
"Menurutku sangat bagus....!!! Hanya sedikit perminraan dari sy mungkin perlu penambahan token2 baby untuk meringankan trading/investasi pemula seperti sy yg baru mempunyai modal yang pas2an.. kalo proses verifikasi n lainyya sungguh oke, cepat dan sangat efidien,, demikian admin. TksğŸ™",5
"pepek,,, deposit cepet pencairan lama, sampai saat ini blm masuj, untk tman teman harap hatu hati",1
saya kasi bintang tiga dulu kalo terbukti menguntungkan dan aman pastinya baru saya tambah lagi bintang nya,3
No hp hilang ga dapet otp auto ga bisa di buka..nanya ke cs atau media sosial ga ada tanggapan mantap,1
Belum ngertiğŸ˜‚,1
Sangat baik,5
Bagus buat main saham mini,5
Aplikasinya mantap sih tapi crytpo currencynya kurang lengkap model coin shiba inu yang lagi hits juga gak ada,4
Kenapa saya tidak bisa wd?,5
Cepat dan mudah,5
Knapa ea untuk deposit susah,3
Yuuuuup,5
Nice,5
Mantap buat apk PINTU sya daptr dan dapat kado 500 rb. Trimakasih. Ayo teman 2 yang mau daptr jangan ragu. Masukin ref (@lawalata129) saat daptr ya byar dpt kado 500rb juga.,5
Maaf seperti mya harga beli agak lebih mahal di banding dengan indodax dan rekeningku,4
PTU GRATISS!! AMINN,5
Good,5
Mantap,5
Mantap banget,5
Semoga semakin baik,5
Cocok Buat Pemula Untuk Berinvestasi,5
Puas dengan aplikasi pintu,5
MantulğŸ‘ğŸ‘ğŸ‘ğŸ‘,5
Mantulllll,5
gk bisa buka,1
"Mantap, mantap, mantap, sangat memuaskan untuk pemula wajib pakai aplikasi ini... Yg baru download jngn lipa masukin Reffperal (â€¢@â’·Ì£Ì£Ì£.â“ŠÌ£Ì£Ì£.â“€Ì£Ì£Ì£.â’¶Ì£Ì£Ì£.â“…Ì£Ì£Ì£.â’¾Ì£Ì£Ì£.â“ƒÌ£Ì£Ì£.â“‰Ì£Ì£Ì£.â“ŠÌ£Ì£Ì£â€¢) ini dan dapatkan keuntungan nya... Go go go download !!! <!!!!!!!!!!!!!!!!!!!!!!!!!!!!!!!!!!!!!!!!!!!!!!!!!!!!!!!!!!!!!!!!!!!!!!!!!!!!!!!!!!!!!!!!!!!!!!!!!!!!!!!!!!!!!!!!!!!!!!!!!!!!!!!!!!!!!!!!!!!!!!!!!!!!!!!!!!!!!!!!!!!!!!!!!!!!!!!!!!!!!!!!!!!!!!!!!!!!!!!!!!!!!!!!!!!!!!!!!!!!!!!!!!!!!!!!!!!!!!!!!!!!!!!!!!!!",5
Mantap untuk jual beli crypyto dan new berita ada,4
Isi ID raferal {@M.A.S.T.E.R.K.U} saat awal daftar untuk mendapatkan komisi level nya dan dapat bonus lain nya Jangan lupa verifikasi diri.lakukan deposit awal dan lakukan perdagangan pertamamu.aplikasi ini sangat benar recommended buat kalian semua.karena sudah terdaftar di bappepti dan ojk!!!!!!!!!!!!!!!!!!!!!!!!!!!!!!!!!!!!!!!!!!!!!!!!!!!!!!!!!!!!!!!!!!!!!!!!!!!!!!!!!!!!!!!!!!!!!!!!!!!!!!!!!!!!!!!!!!!!!!!!!!!!!!!!!!!!!!!!!!!!!!!!!!!!!!!!!!!!!!!!!!!!!!!!!!!!!!!!!!!!!!!!!!!!!!!!!!,3
"Kirim email ke custimer servis lama berhari hari dibalesnya cuman mau ganti gauth aja karena hp yang dulu hilang, maaf ya kasih bintang 1",1
Mantap,5
"mantap , apl y mudah dan seru buat investasi.",5
Maybe be you can make this apps in landscape mode,4
Bagus tapi koin kecil jarang di sini,5
"Aplikasi nya bagus , mohon untuk token krypto lainnya ditambah agar lebih banyak lagi, dan untuk WD mohon juga agar bisa dilakukan 24jam . Dan tambahin fituÂ² lainnya. trimakasih",4
"Sudah bagus sih,, kalo bisa tambahin aset cryptonya dong,, biar banyak pilihannya,,",3
Sangat2 bagus,5
( @ooksuhendar986 ),5
Rugi nanem d sni Jual kena potongan Beli kena potonganğŸ¤£ taila,1
"Ahh masa beli token PTU seharga 1,2jt skrng tinggal 900rebu ğŸ¥±ğŸ¥±ğŸ˜Œ",1
Bagus aplikasi yang sangat membantu untuk per ekonomian sekarang .. good apk,5
"Pelayanan jelek, saya mau ganti nomor hp udah via email gak ada balasan. Minta otp ke telegram gak muncul otp nya. Makan tuh bintang 1",1
Oke mntp,5
Terbaik dan termudah dpahami terlebih bagi pemula,5
"Mohon UInya dibetulin, letak ""beli pintu"" dan pengumumannya tidak usah taruh disitu, jarang dibaca tp menghalangi watch list",2
eKTP saya dinyatakan kadaluwarsa sama aplikasi ini... nggak jadi verifikasi mending uninstall,1
Mantap,5
Harusnya dalam penarikan ada virtual account/ e-wallet,1
Mantap,5
good,5
Mantab,5
Alhamdulillah...smg berkah,5
"Otp udh masuk ke email giliran di masukin invalid melulu, hadeeh",1
"Apaan njirrr,bikin rugi member sendiri, yang untung malah platform bybit, sebetul nya token ptu itu pun ya pintu atau pun ya bybit? Rugi banyakk!!!",1
"@purintan14646 gunakan aplikasi aku ya teman biar dapat komisi pertamamu, goodluck...",5
invicibletrading intheUniverse,5
Lumayan lah,4
Platform ter ampas kyk taik gw. Hanya mementingkan untung. Tidak menjaga member. Nyesel gw download. Yg mw download mikir 1000x. Sering error dan slow respon.,1
Coba dulu bos...,5
Tingkat kan ada perbarui,4
Good,5
"Bagus buat pemula tapi sayang ga bisa masang strategi, jadi tidak tahun kapan harus melakukan pembelian",3
Mau daftar tapi kirim OTP lewat emailnya telat mulu. Akhirnya gagal dong.,3
Uninstal ajah kirim USDT gak bisa pakai TRC 20,1
"Min untuk penarikan tambahin e-wallet dong, biar yang ga punya rekening tetep bisa make aplikasi ini. Aplikasi sebelah juga bisa masa sini ngga.",2
Bisakah menambah deapcoin sebagai aset ?,5
Terimakasih sudah banyak membantu ğŸ™,5
"$PTU listing di apk sendiri malah lebih dulu di market lain giliran masuk pintu pengguna nya dijadikan tumbal, harga yang digadang gadang $0,25 eh pas listing lebih dari $1 , OP di harga rendah erorr pas masuk eh udah diatas harganya, terus dari awal listing penurunan harga ga ngotak ampe 50% lebih aset hilang, banyak yang rugi , bagaimana investor mau masuk , sedangkan fundamental tidak jelas naik 100 perak turunnya seribu. Mantap pintu the best pokonya",1
Aplikasi Lemot Parah... Ketika Harga Anjlok/Naik Susah Untuk Buy/Sell...,1
"Harga 1 coin dg harga estimasi dan harga final sangat jauh berbeda, perbedaan bisa mencapai 1-2% sangat tidak masuk akal. Bukannya untung malah makin buntung/rugi ğŸ‘",1
Saya ini pemula di Pintu. saya belum mengerti dengan baik. Adakah Tutorialnya ??,5
"Gimana cara main nya, bingung sendiri saya, gak ada yang bantu pula",3
Jngn coba tranding di PTU auto ajlok . Parah,1
ğŸ‘,4
Ok,5
Mantap boskuu semoga semakin jata,5
Simple....cepat...ntappp...,4
Lanjutkan penipuan nya wkwkwk,1
Referal @zetezenn179 mari cari keuntungan di pintu....,5
Baguuuuuuusssss,5
"Sediakan versi web juga, sekalian tambahin tools untuk analisa teknikalnya",3
Top appğŸ˜€,5
Baik,5
Bagus dan simple,5
"Nice responsif ,dan fitur menarik ,tampilan juga keren",4
Upppp,1
Oke lah,3
Tuan rumah tapi di opennya di bybit bukan di sini langsung,1
Aplikasi tidak bisa melihat aktifitas dan jumlah teman/referal,3
Caranya gimana kak tolong kak,2
Sangat mudah di mengerti buat pemula,5
Sangat mudah jangan lupa join juga kawan biar sama2 untung @azkaafarel26666,1
Mantap banget,5
veripikasinya cpt ga lama kirainn nunggu 2/3 hr kerja buat yg baru donload PINTU masukin kede repral aku ya biar kita sama sama untung @lanim0285571 terimakasih,5
Bagus aplikasinya pkai refferal ini @oppo87150934 gk ada yg di rugikan kok..,4
Baru pertama belajar Bitcoin dan sejenisnya di Pintu. Semoga bisa dan Sukses selalu semuanya. @rizkahasan248,5
Isi @kenny27. Bonus ayam geprek,4
Mantaf..aplikasi yg luar biasa,5
"Kapok pake pintu. Sekarang baru tahu kenapa gak ada fitur hold. Biar ketika harga naik jualnya susah, server lola banget. Mau jual Ngulang2 puluhan kali (alasan harga udah berubah). Ujung2nya kejual harga rendah juga. Gak lagi lagilah pake pintu.",2
Sangat bagus,5
Baru belajar,4
âœŒâœŒâœŒ,5
Baru belajar,5
Aplikasi mudah dan sangat bermanfaat,5
Top,4
langsung bonus gunakan ref ini @amiinwahyudi893,5
Semoga membantu,5
Ok,5
Mudah memakai ya,5
Jjd,5
Pintu ep ep masih buka,3
mantap,5
pengoprasian pitur2 aplikasinya mudah dan bagus.,5
Ok.. Bisa di tambah token- token micinya.. ğŸ˜ƒğŸ˜ƒğŸ‘ğŸ‘,5
"Gak bisa login pake akun lama, susah banget ngeselin udah pake google authenticator gak ada cara lain udah di atur automatic jam nya tapi tetep gagal terus, harusnya ada cara lain buat login, uang bisa melayang kalo gini.",1
Referal @jackrohman,5
Good,5
Bagus dan simpel pencairanya cepet..cuman aga lemot,5
Menarik,4
Saran dari saya coba dong adain tarik saldo dengan akun wallet biar gampang gk ke bank dulu baru ke akun wallet,5
Bagus,5
Luar biasa,5
"Memang bagus aplikasi ini, katanya biaya pembelian 0 tetapi waktu beli dan jual jauh bedanya.kalo kita beli harganya lebih mahal waktu jual harga nya lebih murah,kalo saya liat sama aja kita di kenakan biaya pembelian dan penjualan.misalkan harga coin 2.909 harga beli 2.925 dan harga jual 2.897. perhatikan coin di market nya sebelum melakukan transaksi....",1
Mohon di perbanyak jenis crypto/token agar Agar lebih banyak menarik peminat,4
Good,5
ğŸ’¯,5
Dicoba dulu ya,3
Masih banyak app invest crypto yg lebih bagus dari pada app pintu.. thanks,1
Like,4
Bagus dan mudah,5
Ok tp aplikasi berat suka loading dan maintinence,5
Wd nya susah,1
"Terimakasih pintu, karna sudah memberikan pelayanan yang baik. Dari proses register, bonus reward dan penarikan. Lancar jaya",5
Pengoperasian mudah di mengerti dan sangat membantu menyimpan aset crypto dan mudah juga dalam melakukan transaksi,5
"Pintu rilis Token PTU langsung anjlok, + rilis duluan di Platform yg lain, para pengguna Pintu Kecewa",1
Mantap,5
Tolong pelayanan nya dan respon nya di perbaiki... Saya tarik dana dari kemarin masih tertahan terus padahal Sy sudah balas email nya yg katanya dana tertahan karna nama bank artos di ganti bank jago Sy sudah perbaiki tapi gk ada respon dan saldo nya masih tertahan terus,5
bagus..,4
Sejauh ini ok,5
Super lelet cok,1
Aplikasi pintu sangat rekomendasi sekali buat pemula yg ingin investasi di crypto soal nya tim pibtu selalu memberikan kejutan sebuah bonus,5
"Pintu luar biasa download sekarang, tingkatkan kualitas aplikasi pintu, udah banyak bonus, dan potongan harga beli supaya dikurangi, sukses selalu pintu ğŸ‘",5
Cepat trx nya,5
"Banyak hadiah nya ,, nih reff punya saya @cuancryptoindo biar dapat diskon ketika beli",5
"Beli PTU di 49rb pas launching terus selang berapa hari langsung anjlok ke 26rb, wkwk amsyong..",1
Tambahin USD bang rekomended banget ini pintu sumpah,5
Paling bagus untuk berinvestasi Saldo nambah teruss ğŸ˜˜ Jangan lupa masukan kode referral : ğŸ‘‰ @bursapintu ğŸ‘‰ Setiap kamu bertransaksi dapat komisi Cashback hingga 0.004% ğŸ˜ Langsung deh di kasih bintang 5 karena aplikasi ini yang terbaik ğŸ˜˜ğŸ˜˜ğŸ˜˜,5
OK,5
"Aplikasinya bagus, tapi kadang Heng atau down, tolong di perbaiki lg servernya",4
"Waduh selisih jual-Beli -+ 1%nan Masang 10jt selisih jual beli -+100k dan seterusnya, buat nyamain balik modal aja susah, ni buat saran aja, kalo buat nyari duit sehari hari jangan di sini brow, dah kabur aja dari pintu,",1
"Aplikasi yang recommended banget, mudah deposit dan withdraw nya. Keren banget",5
Tolong chat syA di balas. SYa kehilangan goggle aut dan saya gak bisa masuk aplilasi pintu. Bisa tolong di arahkan. Sudh berkLi kli saya kirim email gk d bls,1
Ok,5
Aplikasi bagus..apa lagi dtambah dengan fitur investmen/staking untuk masing2 coin pasti lebih bagus..,5
Recomended buat invest jangka pendek dan panjang..thanks pintu,5
makasi airdrop nyağŸ˜,5
ngennnnn bagus tp,5
"Bagus,sangat mudah",5
Mantap,4
Ok,5
Gampang pake apk ini terimakasih sih team pintu,5
Bagus....dan menguntungkan ğŸ˜,5
Bagus,5
Mantap,5
Transfer/ wd kalo bisa lebih cepat lagi,5
Salam Cuan ğŸ‘ğŸ»,5
Bagus,5
Oke,5
"Banyakin Event nya , aplikasi bagus legit",5
Semoga PTU bisa di pertahankan minimal di harga pas pertama rilis. Banyak user yg serok tapi nyangkut di harga tinggi,3
Ayo PINTU Tunjukan Pesona MuğŸ¤­,5
Goooddd,5
I love it..,5
Manteb banget pokok nya,5
Kalau bisa lebih banyak lagi koinya biar banyak pilihan buat di trendingkan,5
Nice! Semoga pintu menambahkan penarikan melalui ewallet dana dll,5
Bagus,5
Ribet amat,1
Mohon bantuannya dari pihak pintu karena saya tidak bisa masuk ke akun saya karena nomor hp saya telah hilang dan saya tidak bisa menerima otp mohon bantuannya dari pihak pintu untuk melakukan Menganti nomor hp yang baru,5
Semoga sukses slalu.,5
kenapa setiap mau depo antar bank semua VA invailid semua engga ada yg bisa,2
"Paling mudah, cocok buat pemula, ada edukasinya, ada komunitas telegramnya, adminnya fast respon, antarmukanya bagus bgt! The best ğŸ‘ğŸ’¯",5
Okkk,5
Mantap,5
Juosss,5
"Enak nya di Pintu itu saldo top up cepet masuknya penarikannya jg lancar gk ada hitungan menit, gk kayak aplikasi sebelahğŸ™",5
No comment,4
Mantap,5
Kapan ya aku bisa dapet saldo Gratis dari pintuğŸ˜”,4
"Terimakasih pintu , semoga slalu menjadi yang terbaik ya ..",5
"gk dpt saldo PTU NYA,,KLO dpt sy naikn bintang ny",3
Aplikasi cuan. Mantap,5
Great apps,5
cakepppp,5
Bagus Tingkatkan Lagi,5
Input Kode reff OPTIONAL,5
Mantap,5
Respon 24 jam tapi saya... Komplain tanggapan hanya 1 kali.... Penarikan di tahan gak di refund bagaimana ini,5
"mudah, cepat dan aman ğŸ‘ğŸš€",5
Bermanfaat .good luck pintuuu,5
"B coinnya lama naik malah turn terus jadi merugi,setiap kali trading ga pernah berhasil",3
Sangat bagus,5
Mantap banget,5
Bagus,5
Saving Dana Crypto... Semoga semakin baik kedepannya..ğŸ‘ğŸ‘,5
saya sudah Kirim email perihal riset GAuth dengan syarat foto selfie dengan identitas namun belom ada respon sama sekali,3
woyy pintu kenapa saya mengirim aset tidak masuk,1
Aplikasi mantap. Gak nyesel ikut pintu,5
Best,5
Sangat bagus,5
Buat menu staking dong,5
Aplikasinya terlalu berat... Masukan . segera luncurkan versi lite saja biar trading nya nyaman dan enteng . mkasih,5
Ga ribet pokonya sangat membantu di masa seperti ini,5
Ok,5
Eror login??? Why?,5
Mantap aplikasinya,5
"Aplikasi bagus,banyak reward rewardnya",5
Verivikasi gogel lama,2
Good,5
Buset,5
"beli dan jual asset crypto jadi mudah, simpel, dan nyaman. sayang dong dark.mode nya terlalu hitam legam. sakit dimata, musti ada lebih ruster.abu-abunya dong",5
"Aplikasi investasi crypto yang bagus untuk pemula, tapi untuk spread sama fee WD memang agak besar ya itu aja minusnya. Tapi tolong tambahkan lagi berbagai koin cryptonya agar lebih bervariasi dalam investasinya",5
Mantap aplikasinya,5
Susah berkembang lah bos. kalo kirim dan terima aset hanya ke sesama pengguna pintu. !!!!!,1
Anjir guwe dah selesai kyc malah mau masuk ga bisa2..loding Mulu ga bisa2.tolong pihak pintu mohon saya diberi akses,1
Is the best,5
t g,1
Ok,5
"GK punya modal, tpi pintu bermasyarakat banget. Orang kaya aku ja bisa ikutan. Terima kasih pintu.",5
Payah...gak menguntungkan..padahl beli oas harga trun...gliran harga naik gak dot untung..,2
Mantapp lah aplikasi nya,5
Mudah2an berjodoh.....aaammmiiiiinnnnnn......Wt lahiran.....,5
Belum bisa transfer ke wallet lain mohon di-update lagi kalau bisa saya tambahin 1 bintang lagi,4
Mantap nih aplikasi.. Kalo ada 10 bintang aku kasih dah,5
Thank pinfu,5
Mantap,5
Aplikasi anak bangsa yang patut diacungi jempol. Tidak kalah dengan aplikasi lain buatan luar. Yang belum download buruan download dong..... ayo... ayo... Terimakasih Pintu atas bonus-bonusnyağŸ™ğŸ™ Semoga tambah sukses kedepannyağŸ‘ğŸ‘ğŸ‘ğŸ‘ğŸ‘,5
Sangat mmbantu ğŸ¥°,3
Good,5
Mantapp,5
makasih untuk 1 PTU nya,5
Mantap..,4
BAPAR bagus parah pokoknya mah,5
Good,5
SEGERA LISTING KOIN SHIBA INU DONG. MASA KOIN SEMERIAH INI KOK DI PINTU GAK ADA! EMANG KALIAN KEMANA AJA,2
"Buruan aktifkan pintu pakai referal ğŸ‘‰ @cakyono85 Langsung dapatkan bonus anda,,,",5
Manatap,4
Josss apknya... gasssss brooo,5
"Apk pintu,mudah di pahami buat pemula seperti saya,terimakasih pintu...semoga kedepannya bisa menjadi apk yg lebih baik lagi ğŸ™",5
"Tak banyak komentar, T O P. Jangan lupa klo daftar ini referalnya, TRACH458 pasti dapat bonus dari PINTU.",5
Solusi no hpe yg sudah tidak aktif dong email kga di bales bales.,5
Tolong lah penarikan ke rekening knpa ga masuk2 biasanya cpt .. cs ga ada yg respon di chat jg .. perbaiki dlu layanan baru bintang 5 lg,1
Nice,5
Apk teraman dan terpercaya.. kerja simpel auto Sultan...,5
"mantap aplikasinya pencairan cepat rekomendasi cuman harus pandai melihat peluang investasi nya jos....,ğŸ‘‰ğŸ‘ŒğŸ’ªğŸ˜ğŸ˜",5
"makase pintu so kase blajar pa torang, untuk kedepannya lebih baik lagi dan juga daftar mata uang crypto bisa di tambah lagiğŸ™ğŸ‘ğŸ‘ğŸ‘",5
Mantap â­â­â­â­â­,5
Asli banyak bonusnya,5
Thanks udah kasih koin PTU ya Dev ğŸ˜ğŸ˜,5
Mantap... Gooood,5
Ok,3
"Aplikasi Mantap Buat Investor Crypto Pemula, Yang Belum Download Wajib Banget DownloadğŸ˜",5
Suka banget sama pintu,5
kenapa lama banget sih proses WD nya? aduhh,2
Easy to use for keep a money,5
"aplikasi ribet, buka lemot, masuk susah, google authenticator invalid terus gimana sih lu bro, sebenernya bisa buat aplikasi gak sih, anjiirrr buang buang waktu bgsat",1
"Kok saya mau log Dgn email sdh bener dan sandi pun uda bener tapi, gilaran uda masukin OTP malah di suruh nnggu 2 jam??? Woii itu cuma konfirmasi j loh kok lama bener... Terus tiap minta kode OTP bru tetap gt heran???!!!",1
Bikin mudah,5
Mantapp,4
Di grup lagi rame reward PTU kenapa saya tidak dapat? Harus rata dong,1
Mantap,5
Saya coba,5
sebenarnya bagus tapi yg kita mau bukan imbalan reward2.tapi perbanyak pilihan koin dan yg belum ada di market idx/tokcryp.pasti sy akan pindahkan asset sy ke pintu semua!!!!terimakasih dan jadilah ciri khas pembeda untuk munculkan koin baru,3
"buat kalian akun nya bermasalah hati2 ,csnya selow respond",1
Muda mudahan aman,5
Wah bagus ne aplikasi rekomendasi... Ayo bergabung !!! Referal saya @argame27,5
. Als,3
Cs nya sangat slow respon dan tidak ramah sekaliğŸ˜¡ğŸ˜¡ğŸ˜¡ğŸ˜¡ğŸ˜¡,1
Ajg.grub gue pada dapet PTU..gua 3akun gak dapet ngehe.ganti aja pak nya ..jadi PINTU W.C UMUM,1
Cara mudah berinvestasi... terima kasih,5
Maaf saya kasih bintang 1 karena btc saya ko masih kosongğŸ™ğŸ™ğŸ™,1
Mantep,5
Mantap,5
Very Good,5
Mohon untuk aset crypto nya di tamban lagi donk min,4
Mantap ini aplikasi..cuan terus menerus,5
Tidak Ada Balasan Sama Sekali Sudah MengirimKan Pesan Beberapa Kali.. SATU KALI LAGI TOLONG DI BANTU. nomor saya sudah tidak aktif dan saya tidak bisa login ini bagaimna...TOLONG DI BANTU.,1
ğŸ’¯,5
Mantap PTU coin,5
pintu memudahkan wong cilik belajar investasi crypto. josss,5
milik indonesia.,5
"Aplikasi, investasi terkeren. Buruan yg blm download, di jamin gk bkaln me'nyesal. Barangkali ada yg mau Msukin kode Sya. @mishugii.",5
Suka,5
Bagus,5
Banyak event top pintu,5
Good platform... For anyone,5
Mksh pintu terbaik,5
Pintu di jamin legal,5
BERHARAP CEPAT LISTING KOIN KOIN MICIN THANKS,5
Mantap,5
Luar biasa aplikasi iniğŸ‘,5
Pintu memang mantaaaaaaap,5
Penggunaan lama kenapa gak di kasih pintu gratis min,2
Wow dapet airdrop ptu,5
Mantaappp,5
lain kali jangan mentenent yaa,5
Sangat kecewa Karana yang lain dapat saldo pintu gartis dan aku tidak dapat,1
"Sangat rekomendasi aplikasi pintu,,mantapppp saya puas sekali download aplikasi pintu",5
Mantap,5
aplikasi of the year..ğŸ‰ğŸ‰ğŸ‰,5
Kode GAuth hilang ğŸ—¿ğŸ—¿ğŸ—¿ ribet kirim email @helpPintuID Impossible!,1
Makasih PTU sudah memfasilitasi kami didunia perdagangan internasional,5
Good,5
"Lebih simple dan mudah ,fee nya jg kecil Makasih pintu",5
Dikasih 1 token ptu makasih wkwkw,4
Seneng banget pintu ngasih event terus moga di banyakin promo event nya,5
Mantap Pintu,5
"Terbaik , bakal jadi jagoan ku nih",5
Semoga PTU nya meluncur naik,5
"Loading banget ya ni apk, gak niat buat di perbaiki gitu trs gk lengkap lagi.",3
Aplikasi PHP katanya nanti tgl 25 semua yg daftar sebelum tgl 21 bakalan dapet 1 PTU kok aku gk dapet ya.. ini gmana min???,5
Good,5
Mantap,5
Alhamdulillah lancar,5
Lanjutkan terus karya mu Apk Pintu,5
MNTAPP,5
ğŸ‘ğŸ‘ğŸ‘,4
Semoga semakin terus berkembang,5
Sejak di update kemaren jadi sering logout minta koda pin terus. Mohon diperbaiki,2
Penipuan,1
Mantap,5
Mantap,5
Mantap dapat 1 token PTU,5
Jooozzzzzz.... Kereeeeennn.... Semoga selalu berjaya...ada bonus ny loch...,5
Investasi paling baik..banyak hadiah,5
GG geming,5
"Cukup lama menggunakan aplikasi ini,,dan rekomendasi bgt buat pemula krna aplikasinya mudah d pahami dan ga ribetğŸ˜‰gunakan aja my refral @xvogamiing663 langsung dapat bonus hingga 1jt anğŸ‘",5
Buset pake otp sekarang mana nomor hpnya udah lama ilang,3
Untuk koin PTU yang baru di rilis itu ada pembagian hasil keuntungan maksudnya gimana ya?,5
"Suka banget sama ini aplikasi,mudah dipahami,simple dan tiba"" dikasih kejutan pagi hari ğŸ˜ dikasih 1PTU .terimakasih PintuğŸ™",5
Ok,5
sangat sangat memuaskan,5
Sistem kerjanya bagus Lebih ditingkatkan lagi,5
Good,5
Awalnya gw bangga punya exchanger anak bangsa tapi setelah gw lihat2 dan coba trading kok kaya main2 yach...harga limit atas bawah gak ada....tolong di perbaiki dan kiriman BNB kawan saya sampai sekarang sudah 6 hari belum nongol di pintu padahal transaksi sudah conform dan suksess CS nya juga gak ada respon. Gw sebenarnya bangga sama aplikasi pintu cuma jangan malu2in kedepannya bakal banyak yg menggunakan....maju terus PINTu,4
"Tolong pintu tambahkan fitur staking crypto axs, karena bunganya sangat tinggi, jangan seperti marketplace t**v, bilangnya gratis biaya staking tau""nya ambil keuntungan 10% dari bunga aslinya, bunga staking asli adalah 113% tetapi di marketplacenya hanya 103%. Saya kasih bintang 5 supaya di notice.",5
Mantap dapet bitcoin gratis,5
"mau tanya kenapa ya dari tgl 26 nvember setiap mau login harus pakai kode otp terus...nggak bisa login otomatis ,,biasanya login cuma pakai pin saja,,mohon bantuannya",3
Oke,5
Pakai kode referal ini yu kita sukses bersama @orangsukses,5
Cukup untuk saya,5
"Bisnis jual beli aset paling mudah dan menjanjikan keuntungan , Aplilasi ini sangat cocok untuk menambah penghasilan disaat pandemi dan kapansaja, karena bisa dikerjakan dirumah atau dimanasaja,",5
"Akun ku verified, tk kasih *5",5
"Aplikasinya mudah dipahami , good pintu @syaifulb1975",5
Mantaap,4
Woke,4
Top,5
"Sangat membatu bagi trader PemulağŸ˜, Thankyou PTU",5
Top,5
Aplikasi yang simpel,5
Sudah lama dan sudah berkali2 gagal terus deposit dr pintu ke binance. Ujungnya ditarik lagi ke rekening bank. Buang2 fee transfer doang!!,1
Mantap lahh pokoknya,5
Puas,4
ğŸ˜ğŸ‘,5
the best spot scalping trading ever ğŸ˜ƒ,5
bagus aplikasinya,5
Mantap,5
Good,4
"aplikasi parah, ga bisa setting harga jual dan beli seperti aplikasi serupa, harga ditentukan aplikasi, parah",1
tambah fitur QRIS pasti makin joss,4
Ok,5
Pake kode ini untuk dapatkan 0.04% @nasigoreng,5
Kasih bintang 5,5
nanti akan aq tambah bintang nya,3
Masih coba coba semoga bagus dampakx.,5
"Kalau profit susah ditarik,giliran CL mudah, sangat merugikan trader",5
"Makin ke sini ko sulit buat jual beli selalu terkendala ""harga telah berubah masukan ulang nominal anda""",1
Mantap Semua terus berkembang dengan inovasi terbaru..,5
Aplikasi nya sangat bagus dan simpel,5
Aplikasinya bagus baget!!!!!!!!!!!!!!!!!!!!!!!! Masukan Kode@kodemenarik untuk mendapatkan keuntungan lebihâœ¨,5
"Kirim BNB dari pintu apps kepada BNB Trust wallet, Fee nya sampe 45k, Sangat beda jauh dengan aplikasi sebelah yang lebih murah. ğŸ‘ğŸ‘ğŸ‘",1
"Selisih harga tengah, esetimasi harga dan harga final selisihnya jauh bgt,, misalnya beli bitcoin yang harga tengahnya 789jt esetimasi harga berubah jadi 791jt terus harga finalnya berubah jadi 794jt, jauh bgt selisihnya",2
Mantab bos,5
"token baru aja rilis uda buat hancur wkwk Dasar token lokal token abal"" ğŸ˜‚",1
Bagus dan sangat mudah,4
kecewa dengan PTU yang lounching tapi harga buruk harusnya karena baru lounching ada promo atau harga meroket ini malah harga longsor sampe bawah,1
"Kalau ada yang membutuhkan bantuan langsung di tanggapi,jangan setengah setengah,nomor sudah tidak aktif ingin ganti harus banyak persyaratan,pas persyaratan sudah di penuhi sudah di kirim tidak ada balasan,gimana bisa masuk lagi ke akun PINTU!!!Sampai sekarang hasilnya nihil kalau tetap tidak bisa masuk ke akun terpaksa hapus Aplikasinya dan pindah ke TokoCrypto.",1
Banyak dikembangkan lagi dan koin/ token diperbanyak,5
Sudah terverfikasi... udah bisa transaksi Koq minta verfikasi lagi.... hhm jadi bingungğŸ˜‡ğŸ˜‡ğŸ˜‡,3
Mudah mudahan menjadi berkah untuk sememua penggunanya aamiiin...,5
Saya sangan rekomendasikan aplikasi pintu.. semua sistem sangat mudah pokok nya mantaaaaaaaaaaaaaaaaaaappppp,5
Aku baru aku kasi tiga bintang,3
"Apa""an token sendiri langsung ngedrop nyangkut smua . Nyesel join di PINTU . launching token sendiri paling akhir pas harga dah naik baru bisa beli",1
Segini dulu,3
"fee kirim cryptonya mahal, chat supportnya tidak tanggap, nyeselah intinya",1
uksmk2,5
Coin sesat,1
Mantap,5
Nice,5
Koin sampah!,1
Good,5
Hemm token ptu drastis turun kok listing di aplikasi sebelah duluan,1
Sangat puas menggunakan aplikasi pintu,5
Sering eror,3
"Terkadang masih terdapat bug, sehingga transaksi jual/beli tidak lancar, dan proses penarikan dana ke rekening sering terjadi masalah.",1
Aplikasi ini sangat bagus dan mudah di gunakan untuk para pemula dan kita tinggal beli coin yang kita inginkan dengan cepat metode pembayaran pun sangat sederhana di bank besar untuk keamanan sangat canggih dengan teknologi privat key dan aman sudah terawasi oleh Ojk dan kominfo.,5
Mantullll,5
"App nya mantap mudah di pahami bagi pemula seperti saya,,dan lebih kerennya lagi ad crypto baru yang mana namanya PTU ,,pokonya jos jos",5
Ok,5
Good,5
Salam cuan sahabat,5
Oke,5
Gud,5
Oke,5
Menurut saya kurang pas dalam penjualan nya,4
"Cok gblg amat penarikan di permasalahkan , awal awal bisa ko . lah sekarang malah beda nama . beda penempatan doang . mana saya bank BCA dia bilang bank mandiri syariah . LAWAK",1
Bagusssssssssssss,5
ğŸ‘,5
Aplikasinya gampang. Banyakin promo ajaa..,5
ok token indo yang gw nanti dah sampe,5
Blum bisa tarik ke akun dana atau ovo klo sdh bisa ksi bintang 5,3
Saya mau mengajukan permohonan penggantian nomor hp karena nomor hp di akun saya . Sama nomor hp di ewallet saya berbeda. Proses nya ribet sekali. Harusnya dipermudah,1
"Mikir seribu kali invest disini, ditanya asal usul acuan harga nya gak dijawab,,",1
mantap,5
Bermanfaat bgttttt,5
Sudah bisa verifikasi..terima kasih,5
App nya bagus dan mantap buat pemula,5
"Semoga kedepannya lebih bagus,karna saya akan pakai aplikasi ini dalam jangka yg panjang/lama",5
Untung...,5
OTP Tidak pernah Dikirim -_- ğŸ˜¡ğŸ˜¡ğŸ˜¡ğŸ˜ ğŸ˜ ,2
"Sukses untuk semua, sehat selalu... biar selalu cuan cuan.... cuan",5
Mudah mudahan amanah,5
Wah ini mantab gan bagi pemula transaksi sangat mudah transfer trading oke segera instal pakai referal @sukemi1107264,5
Akurat dan terpercaya,4
4 star dlu. Klo sdh dpt 1 milyar tmbh 5 star ğŸŒŸ ğŸ˜ğŸ˜,4
Aplikasinya mudah dipakai dan banyak menunya. Bisa pakai referal @pakaipintu untuk dapat bonusnya.,5
"ngetik pin nya agak ngelag jadi harus 2x ketik, nggak kaya ovo tektektektek",5
"Apk nya bagus ,mudah di pelajari dan semoga bisa investasi dengan baik dari aplikasi ini ,.",5
Pintu semakin di depan..,5
Dapat bonus pakai kode reff [ @flix ] ini biar masuk,4
"Ga ribet, mantap dh",5
Tolong beberapa bug diperbaiki,1
Sementara masih nyaman untuk pengguna baru kayak saya,5
"Gak bisa order buy/ sell dengan angka yang kita patok, gak cocok buat trading, cocoknya buat investasi",2
Klo koin lagi naik susah dijual,1
Aplikasi bintang 5 ğŸ‘ğŸ‘ğŸ‘ğŸ‘ğŸ‘,5
Apps yg friendly,5
Versi baru grafik malah susah dibaca lebih enak dibaca dan dimengerti versi lamanya.... ribet â˜¹ï¸,1
mantap,5
Sangat membantu kondisi uang saya.,5
Good,5
Mantap,5
"Aplikasi bagus, mudah-mudahan koinnya bertambah banyak",5
Mantap.!!!,5
Good,5
Pintu aplikasi legal,5
sukses selalu pintu.idğŸ‰ğŸ‰ğŸ‰,5
Baguss,5
pintu yang terbaik dah pokoknya...ğŸ˜ŠğŸ˜€ğŸ˜,5
"Aplikasi bagus, sangat mudah d gunakan.. Mudah""an ada rezekinya",5
Kode referral biar sama sama dapet bonus @firdausthoriq,5
Good forefer,5
Lemot,5
Bintang 5 kalo ada limit order sma wd ewalet,3
"Bagus ini,banyak ilmu baru",5
Bagussasa bangetttt,5
"Pintu sangat membantu banget,karna aplikasinya mudah bgt buat pemula kayak aku.....trimakasih",5
Harga beli dan jual tidak sesuai jauh melampaui pasar harga,1
Wah oke banget lah,5
Mantap,5
"Keren aplikasi ini, proses mudah dan cepat",5
Mantap,5
Good yaw,5
5 star,5
Saya suka ini,5
"Serba lama, ga kaya apk crypto lain.Customer service nya juga kurang, ga recommend deh ni apk.",1
Aplikasi pintu memang baik,5
Good,5
Tolong ya aplikasiny diperbaiki ini lemot banget,1
mantaaaP,5
Mantap List Coinnya banyakin dong,5
telat serok ptu gara2 GK ada notif,1
"Token PTU di jual udah mahal mau beli eror,udah kebeli anjlok gua kasih bitang 1",1
Mantap dech..... Punya modal mau depo lgi yg gede hehe,5
Aplikasi sering keluar sendiri,3
"Gampang buat pemula,fee wd paling murah,,top lah pintuğŸ˜",5
Ngeri harga ptuğŸ¤£ udah pemula rugi lagiğŸ¥ºğŸ¤£,1
"buat token,cuma ambil keuntungan sendiri doang,komunitasnya mewek",1
Hallo pintu... kenapa deposit saya gak masuk... tolong yah... di chat juga gak ada balasan... tolong di baca ini,5
"Apk sampah. Tidak mempriotaskan pemakenya sendiri, padaha ada yg sudah dr lama , kecewa tokennya malah rilis di tempat lain. Di pintu sendiri waktu harga sudah tinggi baru ada PTU . Kecewa sih malah nyangkut pulak",1
Baik,2
fitur selfie benerin biar bisa focus masa ga support focus nya,5
@bayumadona,5
Mantap bnerrrrrr,5
"Kemarin katanya jika PTU token sudah listing, setiap user yg berhasil kyc akan mendapatkan token tersebut, kok ini blm ada dapat ?? Padahal saya pengguna lama",4
"Sengaja bintangnya saya turunin ya, sbb pintunya makin mengecewakan.",1
Aplikasi jelekkk sering eror.. maintanance melulu.. tradingnya jga mahal beli sudah naik kemudian wktu akan dikonfirmasi naik lgi.. Auto kena 2 kali.. parahhhhh.... bnyk korupsinya...,1
"Anu koneksi putus harusnya jangan login kode terus, kemudian juga untuk deposit ke bni yang terkendala pada tadi malam bukti transfer sudah di kirim mohon infonya",5
Pintu mantab,5
"Nyesel make ni apk, udh deposit 500k tpi gamasuk, galagi lagi dah kecewa !!, Hati hati buat para pemula yaaa",1
"Launching ptu yg tdk di siapkan oleh pintu, ujung2nya merugikan byk org, ngeLag terus, knp gak sejak awal listing di pintu juga ? Apa yg di takutkan ?",1
Tolong di naekin lgi token ptu ak rugi gede nih plisss,1
good luck,5
"ORANG COMPLAIN ITU LANGSUNG DI SELESAIKAN, DEPOSIT 3 JAM BELOM MASUK2,DI CHAT MALAH SURU NUNGGU 1X24 JAM, GA COCOK BUAT INVEST,LEMOOOOT.",1
Di tuunggu coin PTU gratis min,5
Sedih cok . Token pintu naiik pas gua beli turun besar .. mengecewakan hihihihi,3
Jangan lupa pakai kode refferal : fathul,5
"Lama sekali deposit nya, mau transaksi jadi terhambat tolong ditingkatkan lagi sistem nya baru saya akan menaikan bintang!",2
Kerren,5
"Njir kocak exchanger macam apa kayak gini gak bisa liat aktivitas market, gak bisa liat limite order buy/sell gak ada pilihan pasang harga limite buat beli/jual se jelek"" nya market lokal indodax sama TKO masih parahan ini fitur nya untung belom daftar baru buka apk nya aja udah bikin ngakak.",1
"Aplikasi pintu ngeluarin token ptu. Tp ko listing dluan di market lain? Harganyapun pas di aplikasi pintu udah mahal, heran",2
Aplikasi yang bagus dan sangat update. Untuk pengembangan selanjutnya semoga lebih baik lagi. Salam hangat indonesia,5
Semoga bermanfaat dan berkah,5
"Deposit ga masuk sedamgkan saldo saya sudah berkurang,harus hati"" kalian semua",1
"Bagus & gak ribet aplikasinya. Cuma saran saya tolong di tambahkan lagi jenis crypto lainnya & alat bantu untuk bisa menganalisa pergerakan harga setiap koin. Oh iya, terimakasih jg sudah menghadirkan Pintu Token d aplikasinya. Semoga kedepan Pintu & penggemar setia aplikasi pintu meraih sukses bersama. PT. PINTU KEMANA SAJA. Kemana saja bisa sukses asal lewat pintu, hehe..",5
CS nya LEMOT,1
Oke,5
"Makin hari makin lambat nih aplikasi ya, deposit dari tadi sampai skrg blm masuk, payah",1
"sangat mudah bertransaksi,untuk kekurangannya tolong ditambahkan untuk rekening BCA supaya mempermudah untuk transaksi depo dan penarikan,tolong untuk di perhatikan dari pihak pintu thank...",5
"Sangat simple,mudah digunakan",5
Akun saya gk bisa d verifikasi...gmn caranya,1
Mantap,5
App lawak list koin sendiri usernya di anak tirikan liat aja pintu bakal bnyak yg kecewa lo liat aja di sosmed ig lo pintu udah rame ngehujat,1
Admin nya anjg,1
"Agak kecewa dengan ketidaksiapan dalam menahan lonjakan pengguna, ngeluarin tokennya aja tapi belinya cuman bisa di tempat lain",2
Mudahan biss,5
"Buat apa bikin market PTU,KLO GX BISA DIBELI...",1
"Nyesel pake ini,dlu dluan mau beli pintu eror terus...alhasil harganya udah naik Parah baru bisa beli...parahhh,tau gini ga pake pintu",1
Apk gk jelas lu. Launching token bilang jam set8 taunya jam 7 udh di listing,1
Sangat kecewa sekali dengan pelayanan pintu. Pas token PTU keluar malah gak bisa di beli. Aku hapus aja,1
"Anjg gak adil banget coin lokal tapi lebih mentingin listing di luar dari pada aplikasinya sendiri, kecewa sama pintu",1
"Aplikasi yang bikin sakit hati, mending pake Binance deh ke mana-mana... Jauh bro bedanya....",1
Pinter bet lu,1
"Apk ampas,",1
"Listing d tempat lain ğŸ™ƒ, gw tf bnb ke pintu gak masuk masuk admin susah d hubungin juga hati2 yg mau deposit lewat crypto",1
Kaga bisa dibeli coin pintu ğŸ˜¡ğŸ˜¡ğŸ˜¡ğŸ˜¡ğŸ˜¡ğŸ˜¡ğŸ˜¡ kecewa kami,1
Ada error saat realese toke PTU,3
"Payah, tokennya sendiri listingnya di exchane lain Dulu, para pengguna pintu mau di kasih harga atas?",1
GA NGOTAK HARGA PTU LISTING LANGSUNG 26K KATANYA GA ADA MAINTENANCE TAPI MAINTENANCE!!!! PTU SCAM!!!!!!,1
"Payah, koin nya koin pintu tpi listingnya di exchange lain, cibaduyut",1
Error,1
Sangat Membantu,3
Bagus...bermaanfaat,5
Top aja,4
"Bug parah, grafik turun sampe ribuan persen",1
Semoga bermanfaat,4
"Lemot parah, nominal angkanya gk gerak agresif alhasil gk tepat sasaran ketika beli dan jual...apk investasi model apaan kaya gini...buruk sangat ğŸ‘...",1
"aplikasi yg simple. tampilan menu lengkap dan mudah dipahami.. Yang paling penting proses penarikan dana sangat cepat, tidak sampai 5 menit sudah masuk rekening. Yg mau download bisa pake kode referral : ""@anjbyan"" ya..biar saling menguntungkan..ğŸ˜ŠğŸ˜Š",5
"Buat versi web bang, biar bisa pantau lewat pc ğŸ˜‡, masukin referal @fjrx2000431 biar dapet chasback",5
"Cpet, aman, dan mudah",5
Good,5
Joss gandos,5
tks,5
Simple,5
"Good apss lah meskipun spreadnya gede tapi tetep cuan, tengsss pintu lup bgtğŸ˜ğŸ˜",5
Kenapa BNB saya tidak masuk saya telah mengirim BNB ke PINTU Chat suport tidak ada jawaban,5
Yuk yang belom kita saling gunakan kode reff biar dapet keuntungan 0.004 % setiap transaksi. Daftar sekarang dan pake kode reff saya dijamin mantul Ini kodenya @gitgitmiko Makasihhh,5
Blm coba,5
Nice exchange ğŸ‰,5
Josss,5
"Referral : @rizkhon13 Yang mau pake referral saya, saya doakan dpt cuan Mantap aplikasi nya. Tampilan joss enak buat pemula.",5
"Pintu memang apk simple, sederhana, sebodohnya orang kalau sudah pakai apk ini dia pasti akan mengerti juga.",5
Mudah menggunakan aplikasinya,5
"Ada kendala log in kmbali, kirim pesan minta bantuan k Gmail help@pintu ga di bales, di ig pun sama ga di balas",2
"yang baru download wajib pake refferal gua nih ""faridzart"" ,langsung dapet bonus saldoğŸ”¥ğŸ”¥ aku untung kamu juga untung ,gasss",5
Knpa setiap mau fto ktp sma selfi gak bisa? Udah pake sim sma ktp tunggu bebrapa saat lagi,3
Bagus sekarang jaringan nya ga MT,5
Apk lemot,1
"Rekomended buat pemula , cocok untuk pasif investing, dapatkan bonus dgn menggunakan referral : @radenramaap",5
Bagus,5
"Gokil kak jual koin kena pajak, binance dan pak CZ tertawa melihat ini :v",3
Ayo token pintu segera hadi download jangan sampai ketinggalan,5
mudah mudahan developer dan kru aplikasi ini mendapatkan berkah ...,5
"Mantab nih , gampang baca nya .. tingaktin terus ya .. banyakin. Uang cryptonya .. ğŸ‘ğŸ’ª",5
"Mau deposit aja susah dah lebih dari 10x gak bisa juga deposit, gimana mau gunain aplikasi nya, hm",2
Join di pintu 2020 smp skr Nga nyesel update selalu mantap sudah mulai banyak coin yg listing jadi lebih gampang buat jual beli n trading Tinggal nunggu tokenya PTU buat di borong....ğŸ‘ğŸ‘ğŸ‘ğŸ‘ğŸ‘ğŸ‘ğŸš€ğŸš€ğŸš€,5
Mantab event pintu menjanjikan lanjutkan,5
"Agak lag sana sini tolong upgrade lebih ringan lag pas di dalam menu GK enak bener, dan tolong tambahin koin koin lainnya kalo bisa yg metaverse an",5
Iya yang itu yang susah gak susah lah,5
Saya saranin buat ada koin koin micin biar lebih enak lagi,5
"Di tambahi indikator, serta jangka trading di tambah 1 menit 5 menit 30 menitan, tambahi koin micin juga",2
Mantap,5
Aplikasi bagus. Masukan kode referral untuk mendapatkan komisi (@anjay),5
Nice,5
"Mantap, terpercaya dan sangat cepat dalam jual belinya. Recomended dan jangan lupa untuk yg baru gabung masukin referal saya @asepddr",5
Tolong dikurangi ya fee 2â„… nya,3
Saya pakai akun anak saya mau donlot aplikasi pintu gak masuk.masuk gimana caranya,1
Kenyamanan hotel bintang lima...pintu memang berkelas....Oya..saya lupa memasukan kode undangan..bgaimana caranya memasukan kode undangan dari teman..?.,5
"Buat pemula oke lah.. Jual/Beli mudah buat transaksi, Good.. Pertahankan seperti ini pintu..",5
Nice,5
Kok gk bisa di instal,1
Mantap mau coba dulu,5
Kren,5
"Saya mau tanya, di pintu ada mode gelapnya atau tidak?",5
ğŸ‘,5
Indikator nya tambah lagi bos. kalo bisa buatin opsi jual otomatis,3
pakai kode referal ini @bobdaay auto profit,5
Bisa narik dana cepat,5
ok,5
"Nyesel kemaren ngasuh 5 bintang!! Gua turunin lagi 1 bintang .. karena saldo deposit saya blom masuk , awal kami akan peroses 1x24jm Al hasill sudah 1 hari ehh malah di tambah jadi 2x24jm .. sekiranya saldo saya ga di masukin mending balikin saldo deposit saya ke rek pengirim tadi.. tolong perbaiki kendala ini ..",1
Bagus,5
Pilih pilih mau beresin event juga ya... Gw udh top up buat beresin event trading 1 lgi dari tgl 18 sedang kan habis event tgl 21 kenapa ga dpt sedangkan di grup fb mereka beli akun yg ga kepake sampe puluhan itu dpt semua... Heran sama aplikasi satu ini,1
Gampang digunakan oleh pemula seperti saya. Tidak ada biaya transaksi dan informasi yang disajikan cukup jadi referensi.,5
Mantaaaap pokonya....,5
"Mohon maaf, kepada semuanya. Saya pengguna baru di aplikasi ini, saya beri bintang 5 sebenarnya saya menyukai aplikasi ini, hanya saja, saya bingung cara menggunakan aplikasi ini, mohon bantuan infonya tentang penggunaan aplikasi ini. Mumpung saya orang awam yg gak tau menggunakan aplikasi ini.",5
kenapa saya mau masuk ke pintu trs keluar lagi...tolong di cek akun saya.,5
"Harusny bisa akses lewat website juga lah, lewat apk kurang greget",3
Juooooosssss,5
Sangat bagus semoga berkah,5
Mantap,5
Ganteng,5
saya kasih bintang lima..mudah mudahn saya bisa dalam trading emas.amiiiin,5
Good,5
trmkasih pintu...rekomend pokoknya,5
Buruk,1
Sekarang aplikasi nya lemot bner2 apa lagi mau jual atau beli harga berubah2 trus sehingga susah finally,1
Komisi seumur hidup dari referal mantap semangat mengajak teman terima kasih,5
Good,5
Engga ada radio caca nya kalo bisa lebih kumplit lagi tq ğŸ™,4