ulasan,nilai
Good job buat pintu saya kasih 5 ..kembangkan terus & sukses..,POSITIF
"Aplikasi ringan, deposit dan wd banyak pilihan, mudah di pelajari dan di gunakan sangat cocok untuk pemula yang masih belajar karna minimum tradingnya kecil. Sukses untuk Pintu... ðŸ˜Š",POSITIF
Kenapa utk Crypto Solana tdk bisa dilakukan pembelian?,NEGATIF
"Mau bikin koin hebat, apa cari cuan aja, emang masih kurang kaya? bkin koin di harga btc turun, masa gatahu btc mau turun, liat grafik koin pintunya rata turun bosss..",POSITIF
"Semakin susah kirim idrt ke binance,ngga seperti dulu lagi.....",NEGATIF
Cara ganti no hp gimana,NEGATIF
Mantap ini aplikasi... Kirim aja lama seharian g bisa2...,NEGATIF
Lagi coba dulu,NEGATIF
Perlu ditingkatkan lagi,NEGATIF
Versi sahamnya kapan diterbitkan??,POSITIF
@ r a f f a e l l 9 7=nicname nya jangan lupa ya buat pengguna baru ada bonusnya lo<!!!!!!!!!!!!!!!!!!!!!!!!!!!!!!!!!!!!!!!!!!!!!!!!!!!!!!!!!!!!!!!!!!!!!!!!!!!!!!!!!!!!!!!!!!!!!!!!!!!!!!!!!!!!!!!!!!!!!!!!!!!!!!!!!!!!!!!!!!!!!!!!!!!!!!!!!!!!!!!!!!!!!!!!!!!!!!!!!!!!!!!!!!!!!!!!!!!!!!!!!!!!!!!!!!!!!!!!!!!!!!!!!!!!!!!!!!!!!!!!!!!!!!!!!!!!!!!!!!!!!!!!!!!!!!!!!!!!!!!!!!!!!!!!!!!!!!!!!!!!!!!!!!!!!!!!!!!!!!!!!!!!!!!!!!!!!!!!!,POSITIF
kone referalnya @ r a f f a e l l 9 7 =bagi kalian yang baru gabung karna ada bonus buat pengguna baru<!!!!!!!!!!!!!!!!!!!!!!!!!!!!!!!!!!!!!!!!!!!!!!!!!!!!!!!!!!!!!!!!!!!!!!!!!!!!!!!!!!!!!!!!!!!!!!!!!!!!!!!!!!!!!!!!!!!!!!!!!!!!!!!!!!!!!!!!!!!!!!!!!!!!!!!!!!!!!!!!!!!!!!!!!!!!!!!!!!!!!!!!!!!!!!!!!!!!!!!!!!!!!!!!!!!!!!!!!!!!!!!!!!!!!!!!!!!!!!!!!!!!!!!!!!!!!!!!!!!!!!!!!!!!!!!!!!!!!!!!!!!!!!!!!!!!!!!!!!!!!!!!!!!!!!!!!!!!!!!!!!!!!!!!!!!!!!!!!!!!!!!!!!!!!!!!!!!!!,POSITIF
Good,POSITIF
"bagus dan sangat mudah di gunakan,,jangan lupa isi nickname = @raffaell97 ;ada bonus buat pengguna baru lo<!!!!!!!!!!!!!!!!!!!!!!!!!!!!!!!!!!!!!!!!!!!!!!!!!!!!!!!!!!!!!!!!!!!!!!!!!!!!!!!!!!!!!!!!!!!!!!!!!!!!!!!!!!!!!!!!!!!!!!!!!!!!!!!!!!!!!!!!!!!!!!!!!!!!!!!!!!!!!!!!!!!!!!!!!!!!!!!!!!!!!!!!!!!!!!!!!!!!!!!!!!!!!!!!!!!!!!!!!!!!!!!!!!!!!!!!!!!!!!!!!!!!!!!!!!!!!!!!!!!!!!!!!!!!!!!!!!!!!!!!!!!!!!!!!!!!!!!!!!!!!!!!!!!!!!!!!!!!!!!!!!!!!!!!!!!!oke de",POSITIF
Baru mau coba jd 2 bintang dulu,NEGATIF
Gak bisa login,NEGATIF
Ok,POSITIF
"Masukan utk tim develop pintu, disegerakan trading deposit agar dapat diakses melalui web resmi pintu, karna lewat hp masih banyak bug dan hang ketika ingin buy/sell coin serta melihat market candle terkadang hang 3s baru bisa geser market candle, terimakasih.",NEGATIF
Bagus bangat ini aplikasinya..mudah di pahami,POSITIF
"Sangat simpel dan gak pake ribettt,,responsibleðŸ˜ðŸ˜ðŸ˜ðŸ˜ðŸ˜",POSITIF
"Ingat yaaa, ada bonus di pintu untuk pengguna baru yg memasukan nick@""KODEUNIK"" saat mendaftar dan jangan lupa ikut join di group telenya, banyak info"" berguna soalnya!!!<<<!!!!!!!!!!!!!!!!!!!!!!!!!!!!!!!!!!!!!!!!!!!!!!!!!!!!!!!!!!!!!!!!!!!!;;;!!!!!!!!!!!!!!!!!!!!!!!!!!!!!!!!!!!!!;!!!!;!!!!;!!!!!!!!!!!!!!;!!!!!!!!;!!!!!;!!!!!!!!!!!!!!!!!!!!!!!!!!!!!!!!!!!!!!!!!!!!!!!!!!!!!!!!!!!!!!!!!!!!!!!!!!!!!!!!!!!!!!!!!!!!!!!!!!!!!!!!!!!!!!!!!!!!!!!!!!!!!!!!!!!!!!!!!!!!!!!!!!!!!!!!!!!!!!!!!!!!!!!!!!!!!!!!!",POSITIF
ðŸ‘ðŸ‘,POSITIF
Top,POSITIF
Biyaya admin nya mahal bangeeeeetttt,NEGATIF
error mulu,NEGATIF
Fitur jual-belinya super LELET. Harga beli n jual TIDAK SESUAI yg tertera. Aplikasi ini Sering ERORRRRRRR. PENIPU,NEGATIF
"Masa invest mulai 4,7jt cokkkk, katanya 11rb",NEGATIF
"Kenapa transaksi minimum bitcoin jadi 4,7 jt ya, uangku jadi tertelan nih, mana lagi butuh lagi... Responya dong!",NEGATIF
Kok saya tarik saldo dari coin nya gabisa ya help,NEGATIF
Kenapa min pembelian btc jadi 4.7jt? Padahal tadi siang masih bisa min 11k,NEGATIF
Aplikasi ga guna ngen uh giliran beli eror pas dijual maintenance licik bgt anjirrr,NEGATIF
Kenapa sekarang transaksi minimal nya berubah jadi 4700rb. Lah trus aset saya gmna bisa di ambilnya klo aset yg saya semula 400rb susut 200rb. Sekarang saya mau tarik malah dibuat minimal 4700rb. Sedih banget rasanya,NEGATIF
Sering errorrrrrr,NEGATIF
Bagus sih cuma maintence nya dipercepat,NEGATIF
Ok,POSITIF
Mantap,POSITIF
Bermasalah teros,NEGATIF
di update makin lambat aplikasi nya mau jual aj payah,NEGATIF
Mantab,POSITIF
"Ahhhh ,,,, Masih lemot",NEGATIF
Dtunggu bonusnya,POSITIF
Good,POSITIF
A D A Y A Ng Dan Pas Di Ya,POSITIF
Kalo beli salah satu saham pasti naik y lama tp kalo g beli naik turun y cepet hadeuuuhhh,NEGATIF
MantapðŸ‘,POSITIF
Masih Mempelajari Apl,POSITIF
Aplikasi penipu masak saya udh pke kode reffnya nmyang dpt bonus 50k tpi gak adaa penipuuuuuuuuuuuu tutup aja lah kau lagi apk,NEGATIF
"Lemot,,jual/beli lebih cepat versi sebelumnya",NEGATIF
luar biasa,POSITIF
biayanya tranfer crypto di pintu gak ngotak semua rata rata 600 ribuan ogah gw dagang disini yg ada tekor,NEGATIF
Gunakan refferal @sinarputih . biar invest mu tambah bersinar,POSITIF
Mantap,POSITIF
Yuk invest berjamaah pakai referal @indrarizki13823,POSITIF
Ok,POSITIF
Semoga amanah,POSITIF
sya penguna baru ... smga bisa bruntung di sni ....,POSITIF
nice good,POSITIF
semogah dapat hadia airdrop lagi terima kasih Pintu,POSITIF
Aplikasi banyak bug,NEGATIF
Jozzz,POSITIF
top markotop pokok ke wesss,POSITIF
"Jadi lebih mudah bersama pintu ditambah ada nick yg bisa kita cantumkan untuk dapat bonus yaitu @BUKAPINTU, lumayan loh bonus gratisnya<<!!!!!!!!!!!!!!!!!!!!!!!!!!!!!!!!!!!!!!!!!!!!!!!!!!!!!!!!!!!!!!!!!!!!!!!!!!!!!!!!!!!!!!!!!!!!!!!!!!!!!!!!!!!!!!!!!!!!!!!!!!!!!!!!!!!!!!!!!!!!!!!!!!!!!!!!!!!!!!!!!!!!!!!!!!!!!!!!!!!!!!!!!!!!!!!!!!!!!!!!!!!!!!!!!!!!!!!!!!!!!!",POSITIF
"Parah harga live, estimasi hingga harga final selalu beda. Tp yg pasti itu merugikan pelanggan.",NEGATIF
good job ðŸ‘ðŸ‘ðŸ‘,POSITIF
"Apk sudah ketinggalan zaman,coin cuma sedikit system tidak jelas !!!!",NEGATIF
App ini. Gk brmutu. Lah. Kcewa.kasih bintang 1 makasih,NEGATIF
Apk yg sangat bagus,POSITIF
Mantap,POSITIF
Good,POSITIF
Ini bagaimana sih ngerjain orang terus ....saya sudah empat kali suruh ngulang terus terusan poto selfi.. Itu kan yang potoin saya sendiri bukan orang lain...malah alasan harus potoin sendiri...udah tau itu yang poto saya sendiri... Dah ajah kalau saya tidak bisa daftar tolong hapus data data saya di apk pintu. Baru kali ini Daftar aplikasi yanf Ribet Cuman apk PINTU doang. Malah ngerjain orang disuruh poto selfi terus terusan harus poto ulang,NEGATIF
"Saya kecewa sama APK PINTU ini baru juga daftar sdah gk nyaman kayak gini, saya transaksi udah ajak teman dan teman memasukan kode undangan saya bahkan dia sdah transaksi juga, tapi saya dan teman yg saya undang gk dapat apa"" saya chat admin nya 1 jam sekali bahkan gk di balas"" lagi gk sesuai dengan event fan promosi nya",NEGATIF
Im interested,POSITIF
permisi untuk pihak pintu tolong tambah coin tron dan dash dong biar lebih mantap,POSITIF
Setelah di update alamat wallet nya ko jadi berubah???,POSITIF
Josss tapi speed harga lumayan hmmm,POSITIF
sangat bagus,POSITIF
Gimana kalo lupa akun gmail... sudah daftar tapi lupa,NEGATIF
bagus,POSITIF
4 duluyo bos......semoga lancarrrrrrr,POSITIF
Pengalihan aset kok tggu lama deposit mah cepet giliran dialihkan mlh dana lenyap tadinya bintang 5 gua rubah jadi bintang 1 wong slow respon..pikir2 LG aja klo download apk ini..,NEGATIF
"Mantap pintu, dapat real uang untuk dipasarkan.. Maju terus pintu ajaib",POSITIF
Verifikasi lama banget bilangnya 5 menit tapi udh 2 jam ga di acc,NEGATIF
Mantap,POSITIF
Mantap,POSITIF
ðŸ˜˜,POSITIF
Bagus,POSITIF
Kapan pintu rilis shiba,POSITIF
Luar biasa,POSITIF
"Mantap, gimana cara yaa biar dapat bonus....",POSITIF
Bgus,POSITIF
"Aplikasi paling berguna banget buat menjual dan membeli mata uang digital dan aplikasi ini menjadi wallet yang terpercaya sekali, untuk pengguna baru masukan nickname referal ( @-wakadombrenk-87 ) agar dapat komisi dari teman, aplikasi ini sangat mudah digunakan untuk yang baru kenal crpto!!!!!!!!!!!!???????!!!!????!!!!!!!!!!!!?!!!!!!!!!!!!!!!!!!!!!!!!!!!!!!!!!!!!!!!!!!!!!!!!!!!!!??!!!!!!!!!!!!!!!!!!!!!!!!!!!!!!!!!!!!!!!!",POSITIF
"Bagus tingkatkan, jngan lupa masukkan kode refferal untuk bonus @reygiz",POSITIF
Potongan beli sama jualnya tambah parah bukannya cuan malahan tekorðŸ‘ˆ,NEGATIF
Mantap wd depo super cepat,POSITIF
Bagus tapi tolong untuk pilihan cryptonya di tambahin,POSITIF
baru nyoba investasi krna sdh diawasi ojk dan semoga aj ya aplikasinya aman,POSITIF
"Mata uang msh sangat minim,BCH,Ltc,trx,monero,Zec,Dash,DGB ga ada.satu lg kelemahan pintu msh blm support jaringan trc20 dan bep20...tolong kembangkan lg sprti wallet terbesar nmr 1 di indonesia indodax",NEGATIF
ka apakah wajig pake kode reff teman terkait pintu bagi btc Rp. 50000.?,POSITIF
Lebih mirip aplikasi maling ya... sread nya ga besar bgt... sampe kapan tetep kalah mulu....,NEGATIF
Cocok banget buat pemula...,POSITIF
Mending di pintu juga dah..kalo investasi cepat wd nya topup pun masuk kilat...apa lgi di barengin pas awal daftar masukan @masterku....sooo ambil bonus saldonya ..bisa langsu kuga buattt investasi loh..kuy<<<!!!!!!!!!!!!!!!!!!!!!!!!!!!!!!!!!!!!!!!!!!!!!!!!!!!!!!!!!!!!!!!!!!!!!!!!!!!!?!!!!!!!!!!!!!!!!!!!!!!!!!!!!!!!!!!!!!!!!!!!!!!!!!!!!!!?!!!!!!!!!!!!!!!!!!!!!!!!!!!!!!!!!!!!!!!!!!!!!!!!!!!!!!!!!!!!!!!!!!ðŸ˜ƒ,POSITIF
"Nice, semakin lama firur nya semakin lengkap..",POSITIF
Tolong dong di perbaiki bagian jua/beli....,POSITIF
Mantap,POSITIF
Mantap,POSITIF
Mantap,POSITIF
"Ok baguslah, lancar Deposit dan juga lancar Withdrawal (gak pake lama),berarti gak abal2 ini aplikasi,untuk urusan hasilnya itu mah tergantung hoki.",POSITIF
Jaringan LeLettttttt... ðŸ‘ŽðŸ‘ŽðŸ‘ŽðŸ‘ŽðŸ‘ŽðŸ‘ŽðŸ‘ŽðŸ‘Ž,NEGATIF
Ok,POSITIF
"NICE...mudah tuk digunakan,jarangÂ² mau kasi ulasan.sepanjang pengunaan amanÂ² saja",POSITIF
Respon cs nya lama banget,NEGATIF
Aplikasi bagus buat belajar trading bagi pemula,POSITIF
"Min kok biaya admin nya mahal jga ya apalagi tranver antar bank . Diaplikasi sebelah plu**g sangat murah ,semoga kedepannya aplikasi ini bisa jadi solusi utk investasi milineal",POSITIF
Aplikasi good,POSITIF
Buat saya yang masih pemula Aplikasi Pintu sangat membantu Karena Simple dan mudah di pahami,POSITIF
Apk sgt bgus....banyak belajar banyak ilmu banyak pemasukan,POSITIF
mantul,POSITIF
Muwaannttaappppooollll,POSITIF
Ketuk pintu dulu biar masuk ke dalam dunianya,POSITIF
"Saya baru,,,karenan saya mendapatkan bonus di google sebesar Rp7000000....tapi harus download dulu aplikasi pintu dan daftar.,tapi setelah saya daftar bonusnya belum masuk ke akun saya...user name@khodirsaputra11274",NEGATIF
Luar biasa keren,POSITIF
Lumayan buat uang jajan,POSITIF
"Kenapa saya tidk bisa bli token padahal saya memiliki saldo,dan terus terulang tulisan yg menyuruh saya untuk membuat ulang nilai nominal,selalu seperti itu,",NEGATIF
Lumayan,POSITIF
kode udagan @cermins,POSITIF
"Jangan mau pakai aplikasi ini, tadi pagi sy WD 50rb, WDnya berhasil, dan pemberitahuannya masuk ke rekening bank sy, pas sy cek berulang kali sampai saat ini belum ada masuk ke rekening sy Gimna nih min coba diperbaiki, atau memang mau nipu atau apa? Kucup sy aja yg kena seperti ini. Sy udh minta tolong sm pihak pintunya yaa tapi sampai saat ini belum ada yg ngebales laporan sy",NEGATIF
Jos,POSITIF
Aplikasi yang sangat bagus.!ðŸ‘,POSITIF
Saya kecewa deposit dari truswallet coin bnb tidak masuk masuk,NEGATIF
"Very good application, the features provided are also complete. I hope in the future it can be at another level to be better, but so far it has been very good.",POSITIF
"Kapan ini Pintu bisa Ada jual beli Crypto LTC 'LiteCoin' ? Mohon Dong Mimin munculkan Crypto LTC di PINTU agar makin Mudah buat pengguna ðŸ¥°,",POSITIF
Mantap,POSITIF
Good,POSITIF
chat suportnya gak membantu nanya txid doang gak ada tindak lanjutnya padahal itu hal yang harus di utamain untuk pengguana mengamankan transaksinya klo ada apa apa,NEGATIF
Mantap ...... ..................,POSITIF
Ga bisa jual/beli harga berubah terus mau jual saja lemoot parah,NEGATIF
"Dari sisi penggunaan dan UI, enak, simple. Cuma dari kinerja, agak lemot/berat, apalagi input PIN. Belum ada versi dekstop nya ya?",POSITIF
Bagus sekali,POSITIF
Mantab,POSITIF
Saya penguna baru smoga dpet haddiahh,POSITIF
Biar bintang yg brbicara,POSITIF
"Aplikasi yang bagus kita bisa dpt cuan disini,,Dev kalau bisa di kasih fitur auto buy and sell pasti lebih manteb lagi. reff @songgolangit510456",POSITIF
Tolong dong ditambahin limit order. Auto order sama ditambahin grafik lebih full untuk teknikal analisis trading,NEGATIF
"Performa aplikasinya sangat lambat. Utk melakukan sebuah tindakan jual atau beli hrs tunggu lebih dr 7 detik. Padahal sinyal penuh dan ram hp saya 3gb, tp perasaan kyk hp ram 1gb dan sinyal buruk. Lemot bngt aplikasinya. Ampun dah. Gagal cuan, rugi trus klo mau profit",NEGATIF
Simpel banget kreen..,POSITIF
mantap,POSITIF
Y bagus,POSITIF
Sungguh membantu pemasukan selama pandemi seperti sekarang ini,POSITIF
"Kenapa setiap kali mau deposit susah, padahal no VA nya udah betul",NEGATIF
"Entah kenapa klo trading pintu dihp operasionalnya kyak laq gitu, padahal ram msih bnyk loh tolong ditingkatkan lagi kinerjanya",NEGATIF
Transaksinya joss ga pake lama,POSITIF
"Aplikasi yg lbih mempermudah kegiatan transaksi di pintu, good job",POSITIF
Bagus,POSITIF
"Ya akhirnya KTP gua disini sia Sia,gara gara hp gua reset eh pas gua masukin lagi ternyata baru lagi dan nyeseknya katanya belum pernah verifikasi ,gak kayak apps sebelah,mau hp nya ilang yg penting kita masukin akun Gmail kita ya selesai",NEGATIF
Bagus,POSITIF
"Apk nya nge lag, perlu ditingkatkan",NEGATIF
âœ”ï¸,POSITIF
"HENTIKAN KECURANGAN INI. Kita beli Alice diharga 303.xxx estimasi harga 304.xxx dan pas bayar harga final 306.xxx ! Saya bolak balik terus, ternyata memang sengaja curang harga sudah ditambahi 2000 per item. Untuk semua pengguna pintu harap cermat sebelum membeli karena dijamin bakal kere. Untuk semua saja yang terlibat dalam apk Pintu, pada inget mati woy!",NEGATIF
"aplikasi yg bagus utk para pemula yang ingin belajar crypto, saya saranin untuk download aplikasi ini",POSITIF
Menarik,POSITIF
ok,POSITIF
Aplikasi downloadnya mudah tetapi bila masuk beli susahnya minta ampun dan begitu pula untuk jual susahnya minta ampun tidak bisa untuk menjual mana janjinya diberi kemudahan tetapi memberikan kesusahan aplikasi ini saya minta penjelasannya dan bukti bahwa aplikasi ini memberikan keuntungan bukan memberikan kami kesusahan maupun kesulitan dalam membeli maupun menjual mana buktinya dong saya tunggu penjelasannya dan juga bila memakai aplikasi dari luar bank kenapa lemotnya minta ampun.,NEGATIF
cbalah,POSITIF
app terbaik pokonya jual crypto instan penarikan bank instan banget ga sampe 5 mnit lngsung masuk rekening ðŸ˜˜ðŸ˜˜ respon jg cepat pkony trbaik.. saran saya cma 1 tolong tambahin jringan bep20 BSC biar sya bsa narik ke pintu stiap hari..dn prthankan trs pintu sprti ini smuanya srba cpat,POSITIF
Very Good,POSITIF
"Dev tolol, Harga Lounch ATH $30 terus turun aja sampe jadi ampas. Blum lagi ada Airdrop Bybit. Tambah hancur dah tu Token. Modal dikit buy back napa? Ini dibiarin hancur tuh token, partner mah gak usah diraguin, Dev nya aja yang tolol. Mungkin udah kenyang Makan Duit presell",NEGATIF
gmma,POSITIF
"Jgn main disini krn potongan 2 kali, pertama pas deposit kedua pas narik dana ke rekening buat biaya admin. Criptonyo jga dikit mendingan invest di pluang, tnp biaya apapun.",NEGATIF
"Seru banyak cuan nya brooo,,, moga aja ada lagi event bonus nya, kemarin doge ga beruntung hemz....",POSITIF
"Untuk saat ini ok sih,tapi lebih ditingkatkan lagi dan dipermudah.",NEGATIF
"pintu tidak bisa masuk ke aplikasi, penipuan uang di aplikasi 30 jt dan tidak bisa di cairkan",NEGATIF
Bagus banget untuk pemula seperti saya @sudel88,POSITIF
"deposit mudah,tp pas harga naik gak bisa jual,alasan harga udah berubah,ujung2nya ya jual di harga murah.....gak lagi2 deh deposit ke pintu sebelum ada fitur auto cell....",NEGATIF
bagi yg baru pakai pintu ini menurutku permainan game jadi di pelajari dulu jangan langsung main beli permainanya jika harga turun bisa di beli jika naik siap di jual ingat terus siapa yang bisa menaikan harga dan turun itu pasti yang lebih hebat dari pada kita ok.,POSITIF
Ok buat ku untuk pemula,POSITIF
Good job,POSITIF
Baru mau uji coba,POSITIF
Lebih ringan dan elegant,POSITIF
"Aplikasi luar biasa, saya like sekali sama apk pintu. Semoga kedepan semakin sukses, dan semoga koin pintu sukses dimasa depan",POSITIF
Coba bisa kirim ke ewalet juga.pasti lebih bagus,POSITIF
Ok,POSITIF
Aplikasi yang sangat memguntungkan penggunanya,POSITIF
Tolong tambahin MANA SOL juga kpn selesai dari maintenance?,POSITIF
"Depo rupiah ga masuk"", chat support in apps no respon, admin tele jg no respon. Terus mesti kemana lagi ?",NEGATIF
Pilihan Bijak adalah Pintu trad,POSITIF
Kenapa deposit saya belum masuk2 dari tadi,NEGATIF
Saya harap pintu bisa deposit menggunakan bri,POSITIF
Oke...,POSITIF
Ok,POSITIF
Good,POSITIF
lebih bagus kode OTPnya masuk di email juga..,POSITIF
"Baru gabung, blm coba. Overall OK",POSITIF
"Jual dan beli aset digital yang paling mudah,suka bamget",POSITIF
Nyaman dan mudah dimengerti,POSITIF
Mantab bisa cuan trs,POSITIF
"Mudah di gunakan, apalagi untuk pemula.. Mantap pokoknya",POSITIF
Bagus banget buat saham bigkoin,POSITIF
Mantap!!!! Semoga pintu kedepannya makin makmur dan selalu mangadakan event dan bonusðŸ‘ðŸ‘ðŸ‘,POSITIF
Akun gw ilang setelah pindah hp baru... Woe..gimn ni mau masuk lg susah amat.makin ribet Lo,NEGATIF
Great,POSITIF
Sangat bagus,POSITIF
Mudah dimengerti untuk pemula yang mau belajar trading,POSITIF
Aplikasi terbaik dan terpercaya,POSITIF
"Mantap kali,,semangat Pintu",POSITIF
Bagus,POSITIF
Untuk orang Indonesia sangat cocok apalagi yang kurang paham BHS Inggris bisa treding disini dan inves tanpa ribet,POSITIF
"hati hati deposit tidak masuk, lapor via email tidak ada respons !!!",NEGATIF
Kenapa proses wd lama sekali di chat tidak merespon bagaimana dana saya ini,NEGATIF
"Dear admin/author/dev tambahkan beberapa opsi coin lain dong, seperti dash atau Tron",POSITIF
Ok,POSITIF
Semoga lebih di permudah dalam transaksi..,POSITIF
Dicoba @mukhlisintijani519,NEGATIF
apk luar biasa,POSITIF
"kinerja lambat, deposit tidak masuk"" benar"" mengecewakan.",NEGATIF
Saya barusan deposit rupiah kok belum masuk ya?,NEGATIF
Proses lambat dah dibilang nomor HP gue hilang berkas smua sesuai Verifikasi diakun sesuai idetitas gue masih juga gk percaya gimana sih biar anda percaya itu berkas saya pokok nya saya kasih bintang 1 smpai brp minggu gk ada perubahan saya kecewa benar sama pintu,NEGATIF
Luar biasa,POSITIF
Apk ny bgs,POSITIF
Top,POSITIF
Lumayan bagus,NEGATIF
"Aplikasi trading crypto paling recomended buat trading dan investasi Apalagi Ada grup telegramny admin jg ny baik baik dikasih step step buat para pemula belajar trading untuk fee wd ny murah bgt Untuk Deposit ny jg bisa mudah bisa pake bank sama ewallet shopee,dana,gopay sama ovo cocok dah di masa covid-19 ðŸ˜ðŸ˜ðŸ˜ðŸ˜™",POSITIF
Baru mau coba terjun tapi belum ada modalðŸ˜”,NEGATIF
Ternyata lebih nyaman di aplikasi sebelah. Hmm â˜ºï¸,NEGATIF
"di coba star 5, samaÂ² belajar. @agusblack418171",POSITIF
Baguuuuuus banget,POSITIF
Semua Dalam genggaman..,POSITIF
"Secara tampilan dan banyak koin yg di jual sudah sangat oke, tetapi akhir2 ini aplikasinya utk jual beli tidak se smooth dulu.",NEGATIF
"Terimakasih pintu di kasih 1 PTU, pake @pria10 biar di kasih 1 token PTU lagi",POSITIF
"Hp eror,instal lagi Pintu..kok saldo saya hilang ( Beli SAND & ETHEREUM).. untung baru coba2..ðŸ˜‚ðŸ˜‚ðŸ˜‚,,nilai uangnya kecil",NEGATIF
good app,POSITIF
"Cocok buat pemula mudah di pahami. Tapi kalau bisa penarik kannya bisa, DANA. OVO",POSITIF
@mysatrio012,POSITIF
Mantap,POSITIF
"Sangat membantu, semoga menjadi pintu kesuksesan bagi rakyat Indonesia ðŸ‡®ðŸ‡©",POSITIF
Nyoba dulu Ach. Nanti tambah bintang kalau indah pada waktunya,NEGATIF
polume musik pol bagat,POSITIF
"Oy min , saya males ferisikasi lewat kamera , identitas mksdnya , sediain fitur upload from galeri Lah.... ngk pake baju jgk ini -_- , kalo fiturnya uda ada aku genapin bintangnya dan ferisikasi ðŸ–ï¸",POSITIF
Trimakasih atas hadiah2 yng tlh di berikan,POSITIF
Mantap,POSITIF
"Event yang di tawarin ga main main untuk event 2-5 Desember , ayo buruan download aplikasi pintunya lalu daftar dan jangan lupa masukin no reff: @agilaxus94138. ,agar dapat uang 50rb",NEGATIF
Mantap surantap pokok nyaðŸ¥°,POSITIF
Good,POSITIF
Krg ngeti,NEGATIF
Bagus sih aplikasi ini wajib di downloadðŸ‘ðŸ‘,POSITIF
"GAUSH LIAT KEBAWAH, KALO MAU BONUS MASUKIN REFF YAHH @KEEZY",POSITIF
"fitur bagus, user friendly, cocok untuk pemula seperti ana, walo sedikit berat tapi masi oke lah, hmmm apalagi ya, kalo bisa ada grafis candlestick realtime diweb nya, selebihnya its okeh, ditunggu fitur2 baru nya, dan yang gabung jangan lupa input @isurg ya, salam pintu ðŸšª",POSITIF
"Menurut saya bagus,yang ada perbedaan harga waktu mau beli krn hp nya kurang ngegas.jika hp nya lemot ya pasti akan beda..penarikan,deposit,jual/beli menurutku cepat. Intinya harus sabar biar bisa profit.. Pake referral @fi3farrel836 biar sama2 cuan",POSITIF
Mudahkanlah.. Dapat cuan...,POSITIF
Pintu pokonya mantab deh... Yg baru dan belum punya kode refferal pake kode saya : @ikhwanabdillah1 Banyak bonus nya lho otomatis langsung dapat saldo 50 di BTC 30rb di token dan 100rb secara acak,POSITIF
"Aplikasi sering error saat jual dan beli, ðŸ‘Ž",NEGATIF
mantap,POSITIF
"Saya dapat vucer 50rb dari samsung member kok gak masuk sampe expire, Saya kasih bintang 1 karena saya kecewa masih ada yang begini di indonesia.tolong tepati janji baru saya betulkan bintangnya.",NEGATIF
Makasih pintu.akun sy SDH on lagi Butuh waktu utk reset GA...ahirnya di reset sama pintu....,POSITIF
Good Apps,POSITIF
"Setelah update sekarang saya jatuh miskin, karena pada saat konfirmasi penjualan harga jauh lebih rendah dari estimasi harga jual.. Ini sangat tidak sesuai sekali bisa di kategorikan penipuan.. Tolong di perbaiki & di tanggapi agar pengguna nyaman & senang menggunakan pintu..",NEGATIF
Aku berharap penarikan nya bisa lewat dana bukan cuman lewat rekening,NEGATIF
Jousssss ðŸ‘ðŸ‘,POSITIF
Jaringan nya lambat mohon di tingkat kan,NEGATIF
Mantap..pintu. Pokonya.. yg mau .. gabung.. pake @alitdewa99.. .. aku kasi bintang 5 pokoknya..,POSITIF
"Dari semua aplikasi cuma ini apliaksi tercepat, ternyaman, sederhana tapi mewah, ga ribet sama sekali, dan yg pasti bisa di percaya. Cuma satu sih yg bikin gue betah,, sederhana dan mudah di gunakan. Kalo aplikasi lain terlalu ribet, jadi males buat buka, pasti langsung uninstal. Sukses terus PINTU.",POSITIF
Good,POSITIF
Semoga cita-cita ku di aplikasi ini tercapai aminnnðŸ™,POSITIF
"Aplikasi wallet mata uang digital era jaman now, dan sangat bagus sekali karena kita bisa dapatkan cuan dengan mudah di sini, untuk yang baru punya akun di pintu masukan referal nickname di atas judul agar dapat bonus yang kalian terima, keamanan di sini sangat terjamin sudah diawasi ojk dan kominfo serta Bappebti juga, salam dari Binjai.",POSITIF
Mantap......uang saya jadi bertambah...!!!,POSITIF
"Klw ad bintang setengah,,aku kasih buat apk ini. Msh perkara verivikasi aj sulit ny bukan main. Sudah berulang x sllu gagal. Ap lg mslh yg brhubungan dengan uang x yah.... Chat operator hri ini ngchat lusa bru d bls. Yg bilang apk ini bgs, pasti antek2 ny... Para pegawai ny mungkin ya... He,,he,,he",NEGATIF
Referal @dwih260483,POSITIF
Mantap buat yg baru belajar,POSITIF
mantp pokonya,POSITIF
Layanan chat support lama... Beli dogecoin saldo gak masuk masuk tapi saldo IDR udh kepotong.. minta bantu diproses lama gak ada balasan.. ðŸ‘ŽðŸ‘ŽðŸ‘ŽðŸ‘ŽðŸ‘Ž,NEGATIF
Parah banget saya nggak bisa masuk ini karena lupa kode Google authenticator milik saya saya sudah email ke cs nya tapi nggak ada balasan sama sekali parah lama Respon nya,NEGATIF
Lumayan puas,POSITIF
"Luar biasa banget aplikasi ini, dapat cuan banyak dengan beli coin murah pas mahal jual, gitu2 aja, yang penting mah sabar dan jangan pakai duit beras pake duit kopi aja<!!!!!!!!!!!!!!!!!!!!!!!!!!!!!!!!!!!!!!!!!!!!!!!!!!!!!!!!!!!!!!!!!!!!!!!!!!!!!!!!!!!!!!!!!!!!!!!!!!!!!!!!!!!!!!!!!!!!!!!!!!!!!!!!!!!!!!!!!!!!!!!!!!!!!!!!!!!!!!!!!!!!!!!!!!!!!!!!!!!!!!!!!!!!!!!!!!!!!!!!!!!!!!!!!!!!!!!!!!!!!!!!!!!!!!!!!!!!!!!!!!!!!!!!!!!!!!!!!!!!!!!!!!!!!!!!!!!!!!!!!!!!!!!!!!!!!!!!!!!!!!!!!!!!!!!!!!!!!!!!!!!!!!!!!",POSITIF
"PARAH BANGSAD BUKA PORTOFOLIO TULISAN NYA MOHON MENUNGGU MULU. SERVER KNTOL PADAHAL WAKTU "" NYA NAIK MAU NGEJUAL GBLOKK",NEGATIF
Ok mantap baru beberapa hari terbang pesat. Thanks PINTU . Jngn lupa pakai referral @nurbayaticute88111. Tetap berjuang ðŸ™ðŸ¤—,POSITIF
Mudah menggunakannya..,POSITIF
Aplikasi yang begitu membantu.,POSITIF
Mantap lah,POSITIF
"bintang 3 dulu, nanti kalo udah bira tarik via dana, ovo, dll di tambahin lagj",NEGATIF
"Banyakin lagi criptonya,,, terus biaya jual beli ny jangan mahal2",POSITIF
Yg mau daftar pakai refferal saya biar dpt keuntungan bersama @annisasikumbang650,POSITIF
Bisa d bantu yg mastah2 d pintu....q blom masukin referal ni,POSITIF
"Rasakan aplikasinya, Desain aplikasi yang simpel dan ramah pengguna menjadikan Pintu sebagai platform investasi crypto termudah di Indonesia yang cocok digunakan semua kalangan, Rasakan mudahnya membeli, menjual, serta mengelola aset crypto dengan berbagai fitur yang ditawarkan di aplikasi Pintu, Ditambah dengan tampilannya yang futuristik dan elegan, pengalaman kamu dalam menggunakan aplikasi Pintu akan terasa semakin menyenangkan!!!!!!!!!!!!!!!!!!!!!!!!!!!!!!!!!!!!",POSITIF
@udin2alam474,POSITIF
hayalan orang miskin semoga jd orang kaya..16HbNn3XiXCkAsyDP1n7rduf5urprDPoVV,POSITIF
Best,POSITIF
Ga masuk2 aplikasi bangke kali !! Ga ada yang bener buatan indonesia emang..,NEGATIF
Semuga kedepannya aplikasi pintu lebih bermanfaat bagi msyarakat indonesia umumnya pada generasi mileneal yg komitmen dlm berinvestasi,POSITIF
"Mohon diperbaiki, aplikasi berat dijalankan, dan juga ditambah chart per menit",NEGATIF
Ok,POSITIF
saran kami mohon ada peningkatan untuk pengembangan sell limit dan buy limit masak sich. trader di suruh jaga 24 jam penuh,POSITIF
Transaksi cepat siip pintu,POSITIF
Is the best,POSITIF
Aplikasi kripto tertolol yg pernah gw pakai. Dari sekian aplikasi kripto yg gw temui. Cuma aplikasi sampah ini yg gk jelas. Entah jam bearapa riset persentase nya . Baru aja -4% dengan harga 96.000 dan bberapa menit kemudian -0.10% masih harga sekitar 96.100. tak logis. Dan tak masuk akal harusnya naik harga lebih tinggi awas. Jangan gunakan apk ini. Tidak update dan tidak sama signal dengan aslinya. Hanya menguntukan pihak aplikasi. Dan menguras uang pengguna aplikasi.. TERPARAAH...,NEGATIF
Pintu sangat mudah dan support sangat responsive,POSITIF
Tambahkan auto order Beli atau jual,POSITIF
Katanya sich dapat komisi bitcoin...tp dtgguin belum ada. Saya harap ada klarifikasi nya..??,POSITIF
Pintu sudah banyak membantu masalah keuangan saya Terima kasih banyakðŸ™,POSITIF
"Melakukan verifikasi kenapa susah banget,, foto udah jelas masih belum kebaca",NEGATIF
"TOLONG LISTING SHIBA INU, EXCANGE DI INDO AJA UDAH MASUKIN SHIBA INU",POSITIF
Supportnya buruk,NEGATIF
"Market,yg simpel dan mantullll bangeeeeeettt.ðŸ‘ðŸ‘ðŸ‘",POSITIF
Ok,POSITIF
Nice shot,POSITIF
"Platform ini sangat rekomended banget oiy, banyak bonusnya dan biaya adminnya juga terbilang sangat murah.. mantep, lanjutkan eventbnya",POSITIF
Sering maintenance dan harga jual beli yang tertera berbeda dengan harga final jauh lebih mahal,NEGATIF
"Kenapa Saya tidak dapat bonus PTU? Ranting qw turunin satu, ntr klo dah dapat baru qw naikkan.",NEGATIF
Aplikasi apaan ini. Loadingnya terlama... Mau beli asset terlama... Ngabisi waktu. Perbaiki lagi dah.,NEGATIF
Tambahin fitur steking min,POSITIF
"mereka dapat gratisan, kenapa saya tidak?",NEGATIF
Nice future,POSITIF
Parah Bos Mahal Banget ngirim ke trus Fee nya hmpir 90% ckckck,NEGATIF
Aplikasi yg mantap no bacot dan basa basi,POSITIF
Lagi nyoba kasi 3 bintang dulu.,NEGATIF
Min tolong masuk kan aset crypto shiba dan lite coin tks,NEGATIF
Coba dulu,NEGATIF
"Kekurangan pintu itu cuma satu ga mau add jaringan selain erc20 yang feenya ga ngotak, koin yang murah feenya macem xrp dan solana cuma bisa transfer sesama",NEGATIF
Telat datang notifikasi code dari gmail nya tolong di perbaiki,NEGATIF
"Hi pintu.. tks sdh ksh token pintu nya, maaf sy ksh bintang 3 krn proses jual nya kok susah sekali ya? Tdk seperti proses beli nya.. Sdh sy chat jg blum ada respon nya.. gmn mo dpt cuan klo proses ga lancar.. Tolong di perbaiki ya.. tks",NEGATIF
"Rekening aja di tolak gimana saya bisa mencairkan dana.bagi yang mau berinvestasi lebih baik di pikir pikir dulu dengan matang saya di persulit kan di penarikan uang.tapi giliran deposit semuah bisa dari shopepay,gopay,dana dan lain lain ada",POSITIF
Mantap app nya lancar cepat juga,POSITIF
Aplikasi yg gampang buat pemula,POSITIF
"Kecewa!! receive idr dari tko ke pintu jaringan bep20 ga masuk"" !!",NEGATIF
Mantul,POSITIF
"Susah masuk padahal udah verifikasi email.. mau masuk harus masuk otp terus, keluar lagi harus otp lagi terus aja begitu...",NEGATIF
Lumayan ut pengisi waktu senggang.,NEGATIF
Aplikasi bagus semoga berkah,POSITIF
Sya kasi rate 1 laporan saya tidak pernah ditanggapi,NEGATIF
Koin Shiba donk d update,NEGATIF
Walau br pertama kali.. dan sy blm tau bagaimana caranya.. sy ingin sekali profit buat hidup layak utk keluarga,POSITIF
"Untuk develop, tolong dikasih fitur demo biar yang pemula bisa coba coba dulu",POSITIF
OK,POSITIF
"Yuk yang mau dapat bonus ketika deposit, pakai kode referal berikut @ahmednuryani",POSITIF
Min tambahin buat stacking dong biar seru,POSITIF
Good,POSITIF
Aplikasi yg gampang di mengerti oleh pemula seperti saya ... Sngt rokemendet banget ... Untuk sementara masih mempelajari dlu sblum nanti star trading di aplikasi pintu ... Optimis sukses bersama pintu,POSITIF
mantap.....,POSITIF
Good apk,POSITIF
"Ni aplikasi pling mncekik,kita beli dmahalin dri hrga asli, kita jual dmurahin dri hrga aslinya, parah bget nyesel gua download ni aplikasi brengsek,dchat support gak ada balasan lg smpe skrg, giliran kita mau deposit cepet bget tanggapan nya, nyesel download",NEGATIF
"Transaksi nya cepat juga mudah, tidak banyak aturan, pokok nya gampang banget ðŸ‘",POSITIF
"Baru dunlut,,, smoga bermanfa'at..",POSITIF
Oke,POSITIF
"Masih ada satu yg bikin gregetan dr pintu yaitu pd saat jual aset susah sekali soalny ngikutin Hrga jd gagal terus ap lg pas buru2 harga mau turun keburu los jadinya,di aplikasi sebelah tdk sprti itu jual lngsung sukses",NEGATIF
Keren,POSITIF
Update selanjut nya tambah menu widget.untuk mempermudah pemantauan harga langsung dari background.makasih PINTU.,POSITIF
Kok ga bisa di wd sih duit kita asw,NEGATIF
Kli bisa ga da potingan klo deposit . Spt d aplk lain jg grts. Tarik dana n masuk dana hrsny d kadih grtis jd tmbh pminat. Klo d pluang enak grts,NEGATIF
Cukup,POSITIF
Mantap,POSITIF
Kereennn bgt .. gokill abiisss,POSITIF
"Promo yang ditawarin emang gak main main, sejauh ini masih bagus ketimbang tetangga sebelah wkwkwk. Lebih bagus lagi kalo ada fitur auto sell/increase/ buat take profit/stop lose. Sekarang cuma masih notif alert yang sebenarnya juga membantu sekali. Baru mau daftar dan butuh kode baru? Input @aprilsuwarno, sampe ketemu di DApps Pintu ðŸ¤—ðŸ¤—ðŸ¤—",POSITIF
Ayo bljar aset digital via PINTU...,POSITIF
Mantab trading mudah dipahami tingkatkan lagi eventnya,POSITIF
"sudah seminggu download apk pintu. Tapi tdk bs masuk untuk membuat akun karena kita harus verifikasi dgn OTP yg dikirim ke email. tp setiap melihat OTP yg dikirim ke email, aplikasi pintu juga kembali ke tampilan awal. jd bagaimana mau ngisi no OTP. Diulang2 seperti itu terus.. sementara kasi 1 bintang dulu.",NEGATIF
Bisa bantu Login???,POSITIF
Tetaplah proposional..jangan ada kecurangan.maju terus pintu..,POSITIF
Jir baru tau lewat tv gua download lah N gampang banget pengoperasian nya gua aja baru belajar trending 2 hari dah bisa makasih pintu Untuk selanjutnya semoga lebih banyak update an untuk fitur penarikan nya Maju terusðŸ‘ðŸ˜€,POSITIF
Qku mau reset sandi tapibtidak dapat email reset nya gimana nih semoga cepat bisa ke buka lagi,POSITIF
"Saya coba instal, dari kemarin gagal terus... Mutar2 aja.. Instal aplikasi lain padahal sukses..",NEGATIF
Aplikasinya sangat bagus,POSITIF
Tingkatkan terus biar semakin maju,POSITIF
Saya senang berinvest di sini,POSITIF
"Emang mantep ini aplikasi. Kalian yg belum dwonload, buruan deh download. Nyesel kalo engga download.",POSITIF
Nyoba kalo bener bintang 5,POSITIF
Bagus,POSITIF
ada batas minimal penjualan & cukup besar nominalnya. agak susah untuk kalangan menengah kebawah masa minimal jual Rp. 4.530.000,NEGATIF
Coba dulu,POSITIF
"Sya kcewa punya sya gk pernah naik kadang anjlok banget gk balik modal ,ni gimna dong tanggapan nya yg lain naik malah aku gk,udh di update trus malu gk ada perubahan",NEGATIF
IDI duluh nanti ditambah,NEGATIF
"Program referal akan lebih ADIL jika ada link tauatan otomatis menautkan ke id pereferensi tanpa harus mengisi manual ID yg mereferensikan,jika manual sama saja banyak terjadi celah kecurangan dan tidak Adil",NEGATIF
Aplikasinya bagus. Kode referral saya 54238 atau kamilmoh,POSITIF
Alhamdulillah semenjak gabung aplikasi ini bisa nambah uang jajan. Daftar yuk pakai refferal ini @pijarprbd02 banyak bonusnya lhoo.,POSITIF
Asuuuuuuu,NEGATIF
Nice aplication,POSITIF
"Yg komen bnyak yg cari refral dri pda,ksih solusi... Emang tmpt promosi cri angota ap!!?? Pintu oke tp kendelnya terbatas..nanti semoga di perbaharuin supaya kayak market lain bisa tambah oke... Ksh bintg 3 krna msh blm dpt yg di inginkan..mf",NEGATIF
nyobi dulu,POSITIF
Mantap bos sebagai mudah,POSITIF
Aplikasi nya loadingnya lama beda kayak sebelah,NEGATIF
Aplikasi pintu emang ok.... Kamu wajib mencoba,POSITIF
Jelek... Nyesel depo disini.. Kebanyakan biaya admin...,NEGATIF
"Keren, mudah juga penggunaannya, tapi saran juga banyakin aset cryptonya",POSITIF
masi kurang pengalaman,NEGATIF
"Ayo download dan daftar menggunakan kode @ilhamnur untuk dapat benefit bonus dari setiap transaksi, selama seumur hidup. Happy cuan.",POSITIF
"Menurutku sangat bagus....!!! Hanya sedikit perminraan dari sy mungkin perlu penambahan token2 baby untuk meringankan trading/investasi pemula seperti sy yg baru mempunyai modal yang pas2an.. kalo proses verifikasi n lainyya sungguh oke, cepat dan sangat efidien,, demikian admin. TksðŸ™",POSITIF
"pepek,,, deposit cepet pencairan lama, sampai saat ini blm masuj, untk tman teman harap hatu hati",NEGATIF
saya kasi bintang tiga dulu kalo terbukti menguntungkan dan aman pastinya baru saya tambah lagi bintang nya,NEGATIF
No hp hilang ga dapet otp auto ga bisa di buka..nanya ke cs atau media sosial ga ada tanggapan mantap,NEGATIF
Belum ngertiðŸ˜‚,NEGATIF
Sangat baik,POSITIF
Bagus buat main saham mini,POSITIF
Aplikasinya mantap sih tapi crytpo currencynya kurang lengkap model coin shiba inu yang lagi hits juga gak ada,POSITIF
Kenapa saya tidak bisa wd?,POSITIF
Cepat dan mudah,POSITIF
Knapa ea untuk deposit susah,NEGATIF
Yuuuuup,POSITIF
Nice,POSITIF
Mantap buat apk PINTU sya daptr dan dapat kado 500 rb. Trimakasih. Ayo teman 2 yang mau daptr jangan ragu. Masukin ref (@lawalata129) saat daptr ya byar dpt kado 500rb juga.,POSITIF
Maaf seperti mya harga beli agak lebih mahal di banding dengan indodax dan rekeningku,POSITIF
PTU GRATISS!! AMINN,POSITIF
Good,POSITIF
Mantap,POSITIF
Mantap banget,POSITIF
Semoga semakin baik,POSITIF
Cocok Buat Pemula Untuk Berinvestasi,POSITIF
Puas dengan aplikasi pintu,POSITIF
MantulðŸ‘ðŸ‘ðŸ‘ðŸ‘,POSITIF
Mantulllll,POSITIF
gk bisa buka,NEGATIF
"Mantap, mantap, mantap, sangat memuaskan untuk pemula wajib pakai aplikasi ini... Yg baru download jngn lipa masukin Reffperal (â€¢@â’·Ì£Ì£Ì£.â“ŠÌ£Ì£Ì£.â“€Ì£Ì£Ì£.â’¶Ì£Ì£Ì£.â“…Ì£Ì£Ì£.â’¾Ì£Ì£Ì£.â“ƒÌ£Ì£Ì£.â“‰Ì£Ì£Ì£.â“ŠÌ£Ì£Ì£â€¢) ini dan dapatkan keuntungan nya... Go go go download !!! <!!!!!!!!!!!!!!!!!!!!!!!!!!!!!!!!!!!!!!!!!!!!!!!!!!!!!!!!!!!!!!!!!!!!!!!!!!!!!!!!!!!!!!!!!!!!!!!!!!!!!!!!!!!!!!!!!!!!!!!!!!!!!!!!!!!!!!!!!!!!!!!!!!!!!!!!!!!!!!!!!!!!!!!!!!!!!!!!!!!!!!!!!!!!!!!!!!!!!!!!!!!!!!!!!!!!!!!!!!!!!!!!!!!!!!!!!!!!!!!!!!!!!!!!!!!!",POSITIF
Mantap untuk jual beli crypyto dan new berita ada,POSITIF
Isi ID raferal {@M.A.S.T.E.R.K.U} saat awal daftar untuk mendapatkan komisi level nya dan dapat bonus lain nya Jangan lupa verifikasi diri.lakukan deposit awal dan lakukan perdagangan pertamamu.aplikasi ini sangat benar recommended buat kalian semua.karena sudah terdaftar di bappepti dan ojk!!!!!!!!!!!!!!!!!!!!!!!!!!!!!!!!!!!!!!!!!!!!!!!!!!!!!!!!!!!!!!!!!!!!!!!!!!!!!!!!!!!!!!!!!!!!!!!!!!!!!!!!!!!!!!!!!!!!!!!!!!!!!!!!!!!!!!!!!!!!!!!!!!!!!!!!!!!!!!!!!!!!!!!!!!!!!!!!!!!!!!!!!!!!!!!!!!,NEGATIF
"Kirim email ke custimer servis lama berhari hari dibalesnya cuman mau ganti gauth aja karena hp yang dulu hilang, maaf ya kasih bintang 1",NEGATIF
Mantap,POSITIF
"mantap , apl y mudah dan seru buat investasi.",POSITIF
Maybe be you can make this apps in landscape mode,POSITIF
Bagus tapi koin kecil jarang di sini,POSITIF
"Aplikasi nya bagus , mohon untuk token krypto lainnya ditambah agar lebih banyak lagi, dan untuk WD mohon juga agar bisa dilakukan 24jam . Dan tambahin fituÂ² lainnya. trimakasih",POSITIF
"Sudah bagus sih,, kalo bisa tambahin aset cryptonya dong,, biar banyak pilihannya,,",NEGATIF
Sangat2 bagus,POSITIF
( @ooksuhendar986 ),POSITIF
Rugi nanem d sni Jual kena potongan Beli kena potonganðŸ¤£ taila,NEGATIF
"Ahh masa beli token PTU seharga 1,2jt skrng tinggal 900rebu ðŸ¥±ðŸ¥±ðŸ˜Œ",NEGATIF
Bagus aplikasi yang sangat membantu untuk per ekonomian sekarang .. good apk,POSITIF
"Pelayanan jelek, saya mau ganti nomor hp udah via email gak ada balasan. Minta otp ke telegram gak muncul otp nya. Makan tuh bintang 1",NEGATIF
Oke mntp,POSITIF
Terbaik dan termudah dpahami terlebih bagi pemula,POSITIF
"Mohon UInya dibetulin, letak ""beli pintu"" dan pengumumannya tidak usah taruh disitu, jarang dibaca tp menghalangi watch list",NEGATIF
eKTP saya dinyatakan kadaluwarsa sama aplikasi ini... nggak jadi verifikasi mending uninstall,NEGATIF
Mantap,POSITIF
Harusnya dalam penarikan ada virtual account/ e-wallet,NEGATIF
Mantap,POSITIF
good,POSITIF
Mantab,POSITIF
Alhamdulillah...smg berkah,POSITIF
"Otp udh masuk ke email giliran di masukin invalid melulu, hadeeh",NEGATIF
"Apaan njirrr,bikin rugi member sendiri, yang untung malah platform bybit, sebetul nya token ptu itu pun ya pintu atau pun ya bybit? Rugi banyakk!!!",NEGATIF
"@purintan14646 gunakan aplikasi aku ya teman biar dapat komisi pertamamu, goodluck...",POSITIF
invicibletrading intheUniverse,POSITIF
Lumayan lah,POSITIF
Platform ter ampas kyk taik gw. Hanya mementingkan untung. Tidak menjaga member. Nyesel gw download. Yg mw download mikir 1000x. Sering error dan slow respon.,NEGATIF
Coba dulu bos...,POSITIF
Tingkat kan ada perbarui,POSITIF
Good,POSITIF
"Bagus buat pemula tapi sayang ga bisa masang strategi, jadi tidak tahun kapan harus melakukan pembelian",NEGATIF
Mau daftar tapi kirim OTP lewat emailnya telat mulu. Akhirnya gagal dong.,NEGATIF
Uninstal ajah kirim USDT gak bisa pakai TRC 20,NEGATIF
"Min untuk penarikan tambahin e-wallet dong, biar yang ga punya rekening tetep bisa make aplikasi ini. Aplikasi sebelah juga bisa masa sini ngga.",NEGATIF
Bisakah menambah deapcoin sebagai aset ?,POSITIF
Terimakasih sudah banyak membantu ðŸ™,POSITIF
"$PTU listing di apk sendiri malah lebih dulu di market lain giliran masuk pintu pengguna nya dijadikan tumbal, harga yang digadang gadang $0,25 eh pas listing lebih dari $1 , OP di harga rendah erorr pas masuk eh udah diatas harganya, terus dari awal listing penurunan harga ga ngotak ampe 50% lebih aset hilang, banyak yang rugi , bagaimana investor mau masuk , sedangkan fundamental tidak jelas naik 100 perak turunnya seribu. Mantap pintu the best pokonya",NEGATIF
Aplikasi Lemot Parah... Ketika Harga Anjlok/Naik Susah Untuk Buy/Sell...,NEGATIF
"Harga 1 coin dg harga estimasi dan harga final sangat jauh berbeda, perbedaan bisa mencapai 1-2% sangat tidak masuk akal. Bukannya untung malah makin buntung/rugi ðŸ‘Ž",NEGATIF
Saya ini pemula di Pintu. saya belum mengerti dengan baik. Adakah Tutorialnya ??,POSITIF
"Gimana cara main nya, bingung sendiri saya, gak ada yang bantu pula",NEGATIF
Jngn coba tranding di PTU auto ajlok . Parah,NEGATIF
ðŸ‘,POSITIF
Ok,POSITIF
Mantap boskuu semoga semakin jata,POSITIF
Simple....cepat...ntappp...,POSITIF
Lanjutkan penipuan nya wkwkwk,NEGATIF
Referal @zetezenn179 mari cari keuntungan di pintu....,POSITIF
Baguuuuuuusssss,POSITIF
"Sediakan versi web juga, sekalian tambahin tools untuk analisa teknikalnya",NEGATIF
Top appðŸ˜€,POSITIF
Baik,POSITIF
Bagus dan simple,POSITIF
"Nice responsif ,dan fitur menarik ,tampilan juga keren",POSITIF
Upppp,NEGATIF
Oke lah,NEGATIF
Tuan rumah tapi di opennya di bybit bukan di sini langsung,NEGATIF
Aplikasi tidak bisa melihat aktifitas dan jumlah teman/referal,NEGATIF
Caranya gimana kak tolong kak,NEGATIF
Sangat mudah di mengerti buat pemula,POSITIF
Sangat mudah jangan lupa join juga kawan biar sama2 untung @azkaafarel26666,NEGATIF
Mantap banget,POSITIF
veripikasinya cpt ga lama kirainn nunggu 2/3 hr kerja buat yg baru donload PINTU masukin kede repral aku ya biar kita sama sama untung @lanim0285571 terimakasih,POSITIF
Bagus aplikasinya pkai refferal ini @oppo87150934 gk ada yg di rugikan kok..,POSITIF
Baru pertama belajar Bitcoin dan sejenisnya di Pintu. Semoga bisa dan Sukses selalu semuanya. @rizkahasan248,POSITIF
Isi @kenny27. Bonus ayam geprek,POSITIF
Mantaf..aplikasi yg luar biasa,POSITIF
"Kapok pake pintu. Sekarang baru tahu kenapa gak ada fitur hold. Biar ketika harga naik jualnya susah, server lola banget. Mau jual Ngulang2 puluhan kali (alasan harga udah berubah). Ujung2nya kejual harga rendah juga. Gak lagi lagilah pake pintu.",NEGATIF
Sangat bagus,POSITIF
Baru belajar,POSITIF
âœŒâœŒâœŒ,POSITIF
Baru belajar,POSITIF
Aplikasi mudah dan sangat bermanfaat,POSITIF
Top,POSITIF
langsung bonus gunakan ref ini @amiinwahyudi893,POSITIF
Semoga membantu,POSITIF
Ok,POSITIF
Mudah memakai ya,POSITIF
Jjd,POSITIF
Pintu ep ep masih buka,NEGATIF
mantap,POSITIF
pengoprasian pitur2 aplikasinya mudah dan bagus.,POSITIF
Ok.. Bisa di tambah token- token micinya.. ðŸ˜ƒðŸ˜ƒðŸ‘ðŸ‘,POSITIF
"Gak bisa login pake akun lama, susah banget ngeselin udah pake google authenticator gak ada cara lain udah di atur automatic jam nya tapi tetep gagal terus, harusnya ada cara lain buat login, uang bisa melayang kalo gini.",NEGATIF
Referal @jackrohman,POSITIF
Good,POSITIF
Bagus dan simpel pencairanya cepet..cuman aga lemot,POSITIF
Menarik,POSITIF
Saran dari saya coba dong adain tarik saldo dengan akun wallet biar gampang gk ke bank dulu baru ke akun wallet,POSITIF
Bagus,POSITIF
Luar biasa,POSITIF
"Memang bagus aplikasi ini, katanya biaya pembelian 0 tetapi waktu beli dan jual jauh bedanya.kalo kita beli harganya lebih mahal waktu jual harga nya lebih murah,kalo saya liat sama aja kita di kenakan biaya pembelian dan penjualan.misalkan harga coin 2.909 harga beli 2.925 dan harga jual 2.897. perhatikan coin di market nya sebelum melakukan transaksi....",NEGATIF
Mohon di perbanyak jenis crypto/token agar Agar lebih banyak menarik peminat,POSITIF
Good,POSITIF
ðŸ’¯,POSITIF
Dicoba dulu ya,NEGATIF
Masih banyak app invest crypto yg lebih bagus dari pada app pintu.. thanks,NEGATIF
Like,POSITIF
Bagus dan mudah,POSITIF
Ok tp aplikasi berat suka loading dan maintinence,POSITIF
Wd nya susah,NEGATIF
"Terimakasih pintu, karna sudah memberikan pelayanan yang baik. Dari proses register, bonus reward dan penarikan. Lancar jaya",POSITIF
Pengoperasian mudah di mengerti dan sangat membantu menyimpan aset crypto dan mudah juga dalam melakukan transaksi,POSITIF
"Pintu rilis Token PTU langsung anjlok, + rilis duluan di Platform yg lain, para pengguna Pintu Kecewa",NEGATIF
Mantap,POSITIF
Tolong pelayanan nya dan respon nya di perbaiki... Saya tarik dana dari kemarin masih tertahan terus padahal Sy sudah balas email nya yg katanya dana tertahan karna nama bank artos di ganti bank jago Sy sudah perbaiki tapi gk ada respon dan saldo nya masih tertahan terus,POSITIF
bagus..,POSITIF
Sejauh ini ok,POSITIF
Super lelet cok,NEGATIF
Aplikasi pintu sangat rekomendasi sekali buat pemula yg ingin investasi di crypto soal nya tim pibtu selalu memberikan kejutan sebuah bonus,POSITIF
"Pintu luar biasa download sekarang, tingkatkan kualitas aplikasi pintu, udah banyak bonus, dan potongan harga beli supaya dikurangi, sukses selalu pintu ðŸ‘",POSITIF
Cepat trx nya,POSITIF
"Banyak hadiah nya ,, nih reff punya saya @cuancryptoindo biar dapat diskon ketika beli",POSITIF
"Beli PTU di 49rb pas launching terus selang berapa hari langsung anjlok ke 26rb, wkwk amsyong..",NEGATIF
Tambahin USD bang rekomended banget ini pintu sumpah,POSITIF
Paling bagus untuk berinvestasi Saldo nambah teruss ðŸ˜˜ Jangan lupa masukan kode referral : ðŸ‘‰ @bursapintu ðŸ‘‰ Setiap kamu bertransaksi dapat komisi Cashback hingga 0.004% ðŸ˜ Langsung deh di kasih bintang 5 karena aplikasi ini yang terbaik ðŸ˜˜ðŸ˜˜ðŸ˜˜,POSITIF
OK,POSITIF
"Aplikasinya bagus, tapi kadang Heng atau down, tolong di perbaiki lg servernya",POSITIF
"Waduh selisih jual-Beli -+ 1%nan Masang 10jt selisih jual beli -+100k dan seterusnya, buat nyamain balik modal aja susah, ni buat saran aja, kalo buat nyari duit sehari hari jangan di sini brow, dah kabur aja dari pintu,",NEGATIF
"Aplikasi yang recommended banget, mudah deposit dan withdraw nya. Keren banget",POSITIF
Tolong chat syA di balas. SYa kehilangan goggle aut dan saya gak bisa masuk aplilasi pintu. Bisa tolong di arahkan. Sudh berkLi kli saya kirim email gk d bls,NEGATIF
Ok,POSITIF
Aplikasi bagus..apa lagi dtambah dengan fitur investmen/staking untuk masing2 coin pasti lebih bagus..,POSITIF
Recomended buat invest jangka pendek dan panjang..thanks pintu,POSITIF
makasi airdrop nyaðŸ˜,POSITIF
ngennnnn bagus tp,POSITIF
"Bagus,sangat mudah",POSITIF
Mantap,POSITIF
Ok,POSITIF
Gampang pake apk ini terimakasih sih team pintu,POSITIF
Bagus....dan menguntungkan ðŸ˜,POSITIF
Bagus,POSITIF
Mantap,POSITIF
Transfer/ wd kalo bisa lebih cepat lagi,POSITIF
Salam Cuan ðŸ‘ðŸ»,POSITIF
Bagus,POSITIF
Oke,POSITIF
"Banyakin Event nya , aplikasi bagus legit",POSITIF
Semoga PTU bisa di pertahankan minimal di harga pas pertama rilis. Banyak user yg serok tapi nyangkut di harga tinggi,NEGATIF
Ayo PINTU Tunjukan Pesona MuðŸ¤­,POSITIF
Goooddd,POSITIF
I love it..,POSITIF
Manteb banget pokok nya,POSITIF
Kalau bisa lebih banyak lagi koinya biar banyak pilihan buat di trendingkan,POSITIF
Nice! Semoga pintu menambahkan penarikan melalui ewallet dana dll,POSITIF
Bagus,POSITIF
Ribet amat,NEGATIF
Mohon bantuannya dari pihak pintu karena saya tidak bisa masuk ke akun saya karena nomor hp saya telah hilang dan saya tidak bisa menerima otp mohon bantuannya dari pihak pintu untuk melakukan Menganti nomor hp yang baru,POSITIF
Semoga sukses slalu.,POSITIF
kenapa setiap mau depo antar bank semua VA invailid semua engga ada yg bisa,NEGATIF
"Paling mudah, cocok buat pemula, ada edukasinya, ada komunitas telegramnya, adminnya fast respon, antarmukanya bagus bgt! The best ðŸ‘ðŸ’¯",POSITIF
Okkk,POSITIF
Mantap,POSITIF
Juosss,POSITIF
"Enak nya di Pintu itu saldo top up cepet masuknya penarikannya jg lancar gk ada hitungan menit, gk kayak aplikasi sebelahðŸ™",POSITIF
No comment,POSITIF
Mantap,POSITIF
Kapan ya aku bisa dapet saldo Gratis dari pintuðŸ˜”,POSITIF
"Terimakasih pintu , semoga slalu menjadi yang terbaik ya ..",POSITIF
"gk dpt saldo PTU NYA,,KLO dpt sy naikn bintang ny",NEGATIF
Aplikasi cuan. Mantap,POSITIF
Great apps,POSITIF
cakepppp,POSITIF
Bagus Tingkatkan Lagi,POSITIF
Input Kode reff OPTIONAL,POSITIF
Mantap,POSITIF
Respon 24 jam tapi saya... Komplain tanggapan hanya 1 kali.... Penarikan di tahan gak di refund bagaimana ini,POSITIF
"mudah, cepat dan aman ðŸ‘ðŸš€",POSITIF
Bermanfaat .good luck pintuuu,POSITIF
"B coinnya lama naik malah turn terus jadi merugi,setiap kali trading ga pernah berhasil",NEGATIF
Sangat bagus,POSITIF
Mantap banget,POSITIF
Bagus,POSITIF
Saving Dana Crypto... Semoga semakin baik kedepannya..ðŸ‘ðŸ‘,POSITIF
saya sudah Kirim email perihal riset GAuth dengan syarat foto selfie dengan identitas namun belom ada respon sama sekali,NEGATIF
woyy pintu kenapa saya mengirim aset tidak masuk,NEGATIF
Aplikasi mantap. Gak nyesel ikut pintu,POSITIF
Best,POSITIF
Sangat bagus,POSITIF
Buat menu staking dong,POSITIF
Aplikasinya terlalu berat... Masukan . segera luncurkan versi lite saja biar trading nya nyaman dan enteng . mkasih,POSITIF
Ga ribet pokonya sangat membantu di masa seperti ini,POSITIF
Ok,POSITIF
Eror login??? Why?,POSITIF
Mantap aplikasinya,POSITIF
"Aplikasi bagus,banyak reward rewardnya",POSITIF
Verivikasi gogel lama,NEGATIF
Good,POSITIF
Buset,POSITIF
"beli dan jual asset crypto jadi mudah, simpel, dan nyaman. sayang dong dark.mode nya terlalu hitam legam. sakit dimata, musti ada lebih ruster.abu-abunya dong",POSITIF
"Aplikasi investasi crypto yang bagus untuk pemula, tapi untuk spread sama fee WD memang agak besar ya itu aja minusnya. Tapi tolong tambahkan lagi berbagai koin cryptonya agar lebih bervariasi dalam investasinya",POSITIF
Mantap aplikasinya,POSITIF
Susah berkembang lah bos. kalo kirim dan terima aset hanya ke sesama pengguna pintu. !!!!!,NEGATIF
Anjir guwe dah selesai kyc malah mau masuk ga bisa2..loding Mulu ga bisa2.tolong pihak pintu mohon saya diberi akses,NEGATIF
Is the best,POSITIF
t g,NEGATIF
Ok,POSITIF
"GK punya modal, tpi pintu bermasyarakat banget. Orang kaya aku ja bisa ikutan. Terima kasih pintu.",POSITIF
Payah...gak menguntungkan..padahl beli oas harga trun...gliran harga naik gak dot untung..,NEGATIF
Mantapp lah aplikasi nya,POSITIF
Mudah2an berjodoh.....aaammmiiiiinnnnnn......Wt lahiran.....,POSITIF
Belum bisa transfer ke wallet lain mohon di-update lagi kalau bisa saya tambahin 1 bintang lagi,POSITIF
Mantap nih aplikasi.. Kalo ada 10 bintang aku kasih dah,POSITIF
Thank pinfu,POSITIF
Mantap,POSITIF
Aplikasi anak bangsa yang patut diacungi jempol. Tidak kalah dengan aplikasi lain buatan luar. Yang belum download buruan download dong..... ayo... ayo... Terimakasih Pintu atas bonus-bonusnyaðŸ™ðŸ™ Semoga tambah sukses kedepannyaðŸ‘ðŸ‘ðŸ‘ðŸ‘ðŸ‘,POSITIF
Sangat mmbantu ðŸ¥°,NEGATIF
Good,POSITIF
Mantapp,POSITIF
makasih untuk 1 PTU nya,POSITIF
Mantap..,POSITIF
BAPAR bagus parah pokoknya mah,POSITIF
Good,POSITIF
SEGERA LISTING KOIN SHIBA INU DONG. MASA KOIN SEMERIAH INI KOK DI PINTU GAK ADA! EMANG KALIAN KEMANA AJA,NEGATIF
"Buruan aktifkan pintu pakai referal ðŸ‘‰ @cakyono85 Langsung dapatkan bonus anda,,,",POSITIF
Manatap,POSITIF
Josss apknya... gasssss brooo,POSITIF
"Apk pintu,mudah di pahami buat pemula seperti saya,terimakasih pintu...semoga kedepannya bisa menjadi apk yg lebih baik lagi ðŸ™",POSITIF
"Tak banyak komentar, T O P. Jangan lupa klo daftar ini referalnya, TRACH458 pasti dapat bonus dari PINTU.",POSITIF
Solusi no hpe yg sudah tidak aktif dong email kga di bales bales.,POSITIF
Tolong lah penarikan ke rekening knpa ga masuk2 biasanya cpt .. cs ga ada yg respon di chat jg .. perbaiki dlu layanan baru bintang 5 lg,NEGATIF
Nice,POSITIF
Apk teraman dan terpercaya.. kerja simpel auto Sultan...,POSITIF
"mantap aplikasinya pencairan cepat rekomendasi cuman harus pandai melihat peluang investasi nya jos....,ðŸ‘‰ðŸ‘ŒðŸ’ªðŸ˜ðŸ˜Ž",POSITIF
"makase pintu so kase blajar pa torang, untuk kedepannya lebih baik lagi dan juga daftar mata uang crypto bisa di tambah lagiðŸ™ðŸ‘ðŸ‘ðŸ‘",POSITIF
Mantap â­â­â­â­â­,POSITIF
Asli banyak bonusnya,POSITIF
Thanks udah kasih koin PTU ya Dev ðŸ˜ðŸ˜,POSITIF
Mantap... Gooood,POSITIF
Ok,NEGATIF
"Aplikasi Mantap Buat Investor Crypto Pemula, Yang Belum Download Wajib Banget DownloadðŸ˜",POSITIF
Suka banget sama pintu,POSITIF
kenapa lama banget sih proses WD nya? aduhh,NEGATIF
Easy to use for keep a money,POSITIF
"aplikasi ribet, buka lemot, masuk susah, google authenticator invalid terus gimana sih lu bro, sebenernya bisa buat aplikasi gak sih, anjiirrr buang buang waktu bgsat",NEGATIF
"Kok saya mau log Dgn email sdh bener dan sandi pun uda bener tapi, gilaran uda masukin OTP malah di suruh nnggu 2 jam??? Woii itu cuma konfirmasi j loh kok lama bener... Terus tiap minta kode OTP bru tetap gt heran???!!!",NEGATIF
Bikin mudah,POSITIF
Mantapp,POSITIF
Di grup lagi rame reward PTU kenapa saya tidak dapat? Harus rata dong,NEGATIF
Mantap,POSITIF
Saya coba,POSITIF
sebenarnya bagus tapi yg kita mau bukan imbalan reward2.tapi perbanyak pilihan koin dan yg belum ada di market idx/tokcryp.pasti sy akan pindahkan asset sy ke pintu semua!!!!terimakasih dan jadilah ciri khas pembeda untuk munculkan koin baru,NEGATIF
"buat kalian akun nya bermasalah hati2 ,csnya selow respond",NEGATIF
Muda mudahan aman,POSITIF
Wah bagus ne aplikasi rekomendasi... Ayo bergabung !!! Referal saya @argame27,POSITIF
. Als,NEGATIF
Cs nya sangat slow respon dan tidak ramah sekaliðŸ˜¡ðŸ˜¡ðŸ˜¡ðŸ˜¡ðŸ˜¡,NEGATIF
Ajg.grub gue pada dapet PTU..gua 3akun gak dapet ngehe.ganti aja pak nya ..jadi PINTU W.C UMUM,NEGATIF
Cara mudah berinvestasi... terima kasih,POSITIF
Maaf saya kasih bintang 1 karena btc saya ko masih kosongðŸ™ðŸ™ðŸ™,NEGATIF
Mantep,POSITIF
Mantap,POSITIF
Very Good,POSITIF
Mohon untuk aset crypto nya di tamban lagi donk min,POSITIF
Mantap ini aplikasi..cuan terus menerus,POSITIF
Tidak Ada Balasan Sama Sekali Sudah MengirimKan Pesan Beberapa Kali.. SATU KALI LAGI TOLONG DI BANTU. nomor saya sudah tidak aktif dan saya tidak bisa login ini bagaimna...TOLONG DI BANTU.,NEGATIF
ðŸ’¯,POSITIF
Mantap PTU coin,POSITIF
pintu memudahkan wong cilik belajar investasi crypto. josss,POSITIF
milik indonesia.,POSITIF
"Aplikasi, investasi terkeren. Buruan yg blm download, di jamin gk bkaln me'nyesal. Barangkali ada yg mau Msukin kode Sya. @mishugii.",POSITIF
Suka,POSITIF
Bagus,POSITIF
Banyak event top pintu,POSITIF
Good platform... For anyone,POSITIF
Mksh pintu terbaik,POSITIF
Pintu di jamin legal,POSITIF
BERHARAP CEPAT LISTING KOIN KOIN MICIN THANKS,POSITIF
Mantap,POSITIF
Luar biasa aplikasi iniðŸ‘,POSITIF
Pintu memang mantaaaaaaap,POSITIF
Penggunaan lama kenapa gak di kasih pintu gratis min,NEGATIF
Wow dapet airdrop ptu,POSITIF
Mantaappp,POSITIF
lain kali jangan mentenent yaa,POSITIF
Sangat kecewa Karana yang lain dapat saldo pintu gartis dan aku tidak dapat,NEGATIF
"Sangat rekomendasi aplikasi pintu,,mantapppp saya puas sekali download aplikasi pintu",POSITIF
Mantap,POSITIF
aplikasi of the year..ðŸŽ‰ðŸŽ‰ðŸŽ‰,POSITIF
Kode GAuth hilang ðŸ—¿ðŸ—¿ðŸ—¿ ribet kirim email @helpPintuID Impossible!,NEGATIF
Makasih PTU sudah memfasilitasi kami didunia perdagangan internasional,POSITIF
Good,POSITIF
"Lebih simple dan mudah ,fee nya jg kecil Makasih pintu",POSITIF
Dikasih 1 token ptu makasih wkwkw,POSITIF
Seneng banget pintu ngasih event terus moga di banyakin promo event nya,POSITIF
Mantap Pintu,POSITIF
"Terbaik , bakal jadi jagoan ku nih",POSITIF
Semoga PTU nya meluncur naik,POSITIF
"Loading banget ya ni apk, gak niat buat di perbaiki gitu trs gk lengkap lagi.",NEGATIF
Aplikasi PHP katanya nanti tgl 25 semua yg daftar sebelum tgl 21 bakalan dapet 1 PTU kok aku gk dapet ya.. ini gmana min???,POSITIF
Good,POSITIF
Mantap,POSITIF
Alhamdulillah lancar,POSITIF
Lanjutkan terus karya mu Apk Pintu,POSITIF
MNTAPP,POSITIF
ðŸ‘ðŸ‘ðŸ‘,POSITIF
Semoga semakin terus berkembang,POSITIF
Sejak di update kemaren jadi sering logout minta koda pin terus. Mohon diperbaiki,NEGATIF
Penipuan,NEGATIF
Mantap,POSITIF
Mantap,POSITIF
Mantap dapat 1 token PTU,POSITIF
Jooozzzzzz.... Kereeeeennn.... Semoga selalu berjaya...ada bonus ny loch...,POSITIF
Investasi paling baik..banyak hadiah,POSITIF
GG geming,POSITIF
"Cukup lama menggunakan aplikasi ini,,dan rekomendasi bgt buat pemula krna aplikasinya mudah d pahami dan ga ribetðŸ˜‰gunakan aja my refral @xvogamiing663 langsung dapat bonus hingga 1jt anðŸ‘",POSITIF
Buset pake otp sekarang mana nomor hpnya udah lama ilang,NEGATIF
Untuk koin PTU yang baru di rilis itu ada pembagian hasil keuntungan maksudnya gimana ya?,POSITIF
"Suka banget sama ini aplikasi,mudah dipahami,simple dan tiba"" dikasih kejutan pagi hari ðŸ˜ dikasih 1PTU .terimakasih PintuðŸ™",POSITIF
Ok,POSITIF
sangat sangat memuaskan,POSITIF
Sistem kerjanya bagus Lebih ditingkatkan lagi,POSITIF
Good,POSITIF
Awalnya gw bangga punya exchanger anak bangsa tapi setelah gw lihat2 dan coba trading kok kaya main2 yach...harga limit atas bawah gak ada....tolong di perbaiki dan kiriman BNB kawan saya sampai sekarang sudah 6 hari belum nongol di pintu padahal transaksi sudah conform dan suksess CS nya juga gak ada respon. Gw sebenarnya bangga sama aplikasi pintu cuma jangan malu2in kedepannya bakal banyak yg menggunakan....maju terus PINTu,POSITIF
"Tolong pintu tambahkan fitur staking crypto axs, karena bunganya sangat tinggi, jangan seperti marketplace t**v, bilangnya gratis biaya staking tau""nya ambil keuntungan 10% dari bunga aslinya, bunga staking asli adalah 113% tetapi di marketplacenya hanya 103%. Saya kasih bintang 5 supaya di notice.",POSITIF
Mantap dapet bitcoin gratis,POSITIF
"mau tanya kenapa ya dari tgl 26 nvember setiap mau login harus pakai kode otp terus...nggak bisa login otomatis ,,biasanya login cuma pakai pin saja,,mohon bantuannya",NEGATIF
Oke,POSITIF
Pakai kode referal ini yu kita sukses bersama @orangsukses,POSITIF
Cukup untuk saya,POSITIF
"Bisnis jual beli aset paling mudah dan menjanjikan keuntungan , Aplilasi ini sangat cocok untuk menambah penghasilan disaat pandemi dan kapansaja, karena bisa dikerjakan dirumah atau dimanasaja,",POSITIF
"Akun ku verified, tk kasih *5",POSITIF
"Aplikasinya mudah dipahami , good pintu @syaifulb1975",POSITIF
Mantaap,POSITIF
Woke,POSITIF
Top,POSITIF
"Sangat membatu bagi trader PemulaðŸ˜Ž, Thankyou PTU",POSITIF
Top,POSITIF
Aplikasi yang simpel,POSITIF
Sudah lama dan sudah berkali2 gagal terus deposit dr pintu ke binance. Ujungnya ditarik lagi ke rekening bank. Buang2 fee transfer doang!!,NEGATIF
Mantap lahh pokoknya,POSITIF
Puas,POSITIF
ðŸ˜ðŸ‘,POSITIF
the best spot scalping trading ever ðŸ˜ƒ,POSITIF
bagus aplikasinya,POSITIF
Mantap,POSITIF
Good,POSITIF
"aplikasi parah, ga bisa setting harga jual dan beli seperti aplikasi serupa, harga ditentukan aplikasi, parah",NEGATIF
tambah fitur QRIS pasti makin joss,POSITIF
Ok,POSITIF
Pake kode ini untuk dapatkan 0.04% @nasigoreng,POSITIF
Kasih bintang 5,POSITIF
nanti akan aq tambah bintang nya,NEGATIF
Masih coba coba semoga bagus dampakx.,POSITIF
"Kalau profit susah ditarik,giliran CL mudah, sangat merugikan trader",POSITIF
"Makin ke sini ko sulit buat jual beli selalu terkendala ""harga telah berubah masukan ulang nominal anda""",NEGATIF
Mantap Semua terus berkembang dengan inovasi terbaru..,POSITIF
Aplikasi nya sangat bagus dan simpel,POSITIF
Aplikasinya bagus baget!!!!!!!!!!!!!!!!!!!!!!!! Masukan Kode@kodemenarik untuk mendapatkan keuntungan lebihâœ¨,POSITIF
"Kirim BNB dari pintu apps kepada BNB Trust wallet, Fee nya sampe 45k, Sangat beda jauh dengan aplikasi sebelah yang lebih murah. ðŸ‘ŽðŸ‘ŽðŸ‘Ž",NEGATIF
"Selisih harga tengah, esetimasi harga dan harga final selisihnya jauh bgt,, misalnya beli bitcoin yang harga tengahnya 789jt esetimasi harga berubah jadi 791jt terus harga finalnya berubah jadi 794jt, jauh bgt selisihnya",NEGATIF
Mantab bos,POSITIF
"token baru aja rilis uda buat hancur wkwk Dasar token lokal token abal"" ðŸ˜‚",NEGATIF
Bagus dan sangat mudah,POSITIF
kecewa dengan PTU yang lounching tapi harga buruk harusnya karena baru lounching ada promo atau harga meroket ini malah harga longsor sampe bawah,NEGATIF
"Kalau ada yang membutuhkan bantuan langsung di tanggapi,jangan setengah setengah,nomor sudah tidak aktif ingin ganti harus banyak persyaratan,pas persyaratan sudah di penuhi sudah di kirim tidak ada balasan,gimana bisa masuk lagi ke akun PINTU!!!Sampai sekarang hasilnya nihil kalau tetap tidak bisa masuk ke akun terpaksa hapus Aplikasinya dan pindah ke TokoCrypto.",NEGATIF
Banyak dikembangkan lagi dan koin/ token diperbanyak,POSITIF
Sudah terverfikasi... udah bisa transaksi Koq minta verfikasi lagi.... hhm jadi bingungðŸ˜‡ðŸ˜‡ðŸ˜‡,NEGATIF
Mudah mudahan menjadi berkah untuk sememua penggunanya aamiiin...,POSITIF
Saya sangan rekomendasikan aplikasi pintu.. semua sistem sangat mudah pokok nya mantaaaaaaaaaaaaaaaaaaappppp,POSITIF
Aku baru aku kasi tiga bintang,NEGATIF
"Apa""an token sendiri langsung ngedrop nyangkut smua . Nyesel join di PINTU . launching token sendiri paling akhir pas harga dah naik baru bisa beli",NEGATIF
Segini dulu,NEGATIF
"fee kirim cryptonya mahal, chat supportnya tidak tanggap, nyeselah intinya",NEGATIF
uksmk2,POSITIF
Coin sesat,NEGATIF
Mantap,POSITIF
Nice,POSITIF
Koin sampah!,NEGATIF
Good,POSITIF
Hemm token ptu drastis turun kok listing di aplikasi sebelah duluan,NEGATIF
Sangat puas menggunakan aplikasi pintu,POSITIF
Sering eror,NEGATIF
"Terkadang masih terdapat bug, sehingga transaksi jual/beli tidak lancar, dan proses penarikan dana ke rekening sering terjadi masalah.",NEGATIF
Aplikasi ini sangat bagus dan mudah di gunakan untuk para pemula dan kita tinggal beli coin yang kita inginkan dengan cepat metode pembayaran pun sangat sederhana di bank besar untuk keamanan sangat canggih dengan teknologi privat key dan aman sudah terawasi oleh Ojk dan kominfo.,POSITIF
Mantullll,POSITIF
"App nya mantap mudah di pahami bagi pemula seperti saya,,dan lebih kerennya lagi ad crypto baru yang mana namanya PTU ,,pokonya jos jos",POSITIF
Ok,POSITIF
Good,POSITIF
Salam cuan sahabat,POSITIF
Oke,POSITIF
Gud,POSITIF
Oke,POSITIF
Menurut saya kurang pas dalam penjualan nya,POSITIF
"Cok gblg amat penarikan di permasalahkan , awal awal bisa ko . lah sekarang malah beda nama . beda penempatan doang . mana saya bank BCA dia bilang bank mandiri syariah . LAWAK",NEGATIF
Bagusssssssssssss,POSITIF
ðŸ‘,POSITIF
Aplikasinya gampang. Banyakin promo ajaa..,POSITIF
ok token indo yang gw nanti dah sampe,POSITIF
Blum bisa tarik ke akun dana atau ovo klo sdh bisa ksi bintang 5,NEGATIF
Saya mau mengajukan permohonan penggantian nomor hp karena nomor hp di akun saya . Sama nomor hp di ewallet saya berbeda. Proses nya ribet sekali. Harusnya dipermudah,NEGATIF
"Mikir seribu kali invest disini, ditanya asal usul acuan harga nya gak dijawab,,",NEGATIF
mantap,POSITIF
Bermanfaat bgttttt,POSITIF
Sudah bisa verifikasi..terima kasih,POSITIF
App nya bagus dan mantap buat pemula,POSITIF
"Semoga kedepannya lebih bagus,karna saya akan pakai aplikasi ini dalam jangka yg panjang/lama",POSITIF
Untung...,POSITIF
OTP Tidak pernah Dikirim -_- ðŸ˜¡ðŸ˜¡ðŸ˜¡ðŸ˜ ðŸ˜ ,NEGATIF
"Sukses untuk semua, sehat selalu... biar selalu cuan cuan.... cuan",POSITIF
Mudah mudahan amanah,POSITIF
Wah ini mantab gan bagi pemula transaksi sangat mudah transfer trading oke segera instal pakai referal @sukemi1107264,POSITIF
Akurat dan terpercaya,POSITIF
4 star dlu. Klo sdh dpt 1 milyar tmbh 5 star ðŸŒŸ ðŸ˜ðŸ˜,POSITIF
Aplikasinya mudah dipakai dan banyak menunya. Bisa pakai referal @pakaipintu untuk dapat bonusnya.,POSITIF
"ngetik pin nya agak ngelag jadi harus 2x ketik, nggak kaya ovo tektektektek",POSITIF
"Apk nya bagus ,mudah di pelajari dan semoga bisa investasi dengan baik dari aplikasi ini ,.",POSITIF
Pintu semakin di depan..,POSITIF
Dapat bonus pakai kode reff [ @flix ] ini biar masuk,POSITIF
"Ga ribet, mantap dh",POSITIF
Tolong beberapa bug diperbaiki,NEGATIF
Sementara masih nyaman untuk pengguna baru kayak saya,POSITIF
"Gak bisa order buy/ sell dengan angka yang kita patok, gak cocok buat trading, cocoknya buat investasi",NEGATIF
Klo koin lagi naik susah dijual,NEGATIF
Aplikasi bintang 5 ðŸ‘ðŸ‘ðŸ‘ðŸ‘ðŸ‘,POSITIF
Apps yg friendly,POSITIF
Versi baru grafik malah susah dibaca lebih enak dibaca dan dimengerti versi lamanya.... ribet â˜¹ï¸,NEGATIF
mantap,POSITIF
Sangat membantu kondisi uang saya.,POSITIF
Good,POSITIF
Mantap,POSITIF
"Aplikasi bagus, mudah-mudahan koinnya bertambah banyak",POSITIF
Mantap.!!!,POSITIF
Good,POSITIF
Pintu aplikasi legal,POSITIF
sukses selalu pintu.idðŸŽ‰ðŸŽ‰ðŸŽ‰,POSITIF
Baguss,POSITIF
pintu yang terbaik dah pokoknya...ðŸ˜ŠðŸ˜€ðŸ˜Ž,POSITIF
"Aplikasi bagus, sangat mudah d gunakan.. Mudah""an ada rezekinya",POSITIF
Kode referral biar sama sama dapet bonus @firdausthoriq,POSITIF
Good forefer,POSITIF
Lemot,POSITIF
Bintang 5 kalo ada limit order sma wd ewalet,NEGATIF
"Bagus ini,banyak ilmu baru",POSITIF
Bagussasa bangetttt,POSITIF
"Pintu sangat membantu banget,karna aplikasinya mudah bgt buat pemula kayak aku.....trimakasih",POSITIF
Harga beli dan jual tidak sesuai jauh melampaui pasar harga,NEGATIF
Wah oke banget lah,POSITIF
Mantap,POSITIF
"Keren aplikasi ini, proses mudah dan cepat",POSITIF
Mantap,POSITIF
Good yaw,POSITIF
5 star,POSITIF
Saya suka ini,POSITIF
"Serba lama, ga kaya apk crypto lain.Customer service nya juga kurang, ga recommend deh ni apk.",NEGATIF
Aplikasi pintu memang baik,POSITIF
Good,POSITIF
Tolong ya aplikasiny diperbaiki ini lemot banget,NEGATIF
mantaaaP,POSITIF
Mantap List Coinnya banyakin dong,POSITIF
telat serok ptu gara2 GK ada notif,NEGATIF
"Token PTU di jual udah mahal mau beli eror,udah kebeli anjlok gua kasih bitang 1",NEGATIF
Mantap dech..... Punya modal mau depo lgi yg gede hehe,POSITIF
Aplikasi sering keluar sendiri,NEGATIF
"Gampang buat pemula,fee wd paling murah,,top lah pintuðŸ˜",POSITIF
Ngeri harga ptuðŸ¤£ udah pemula rugi lagiðŸ¥ºðŸ¤£,NEGATIF
"buat token,cuma ambil keuntungan sendiri doang,komunitasnya mewek",NEGATIF
Hallo pintu... kenapa deposit saya gak masuk... tolong yah... di chat juga gak ada balasan... tolong di baca ini,POSITIF
"Apk sampah. Tidak mempriotaskan pemakenya sendiri, padaha ada yg sudah dr lama , kecewa tokennya malah rilis di tempat lain. Di pintu sendiri waktu harga sudah tinggi baru ada PTU . Kecewa sih malah nyangkut pulak",NEGATIF
Baik,NEGATIF
fitur selfie benerin biar bisa focus masa ga support focus nya,POSITIF
@bayumadona,POSITIF
Mantap bnerrrrrr,POSITIF
"Kemarin katanya jika PTU token sudah listing, setiap user yg berhasil kyc akan mendapatkan token tersebut, kok ini blm ada dapat ?? Padahal saya pengguna lama",POSITIF
"Sengaja bintangnya saya turunin ya, sbb pintunya makin mengecewakan.",NEGATIF
Aplikasi jelekkk sering eror.. maintanance melulu.. tradingnya jga mahal beli sudah naik kemudian wktu akan dikonfirmasi naik lgi.. Auto kena 2 kali.. parahhhhh.... bnyk korupsinya...,NEGATIF
"Anu koneksi putus harusnya jangan login kode terus, kemudian juga untuk deposit ke bni yang terkendala pada tadi malam bukti transfer sudah di kirim mohon infonya",POSITIF
Pintu mantab,POSITIF
"Nyesel make ni apk, udh deposit 500k tpi gamasuk, galagi lagi dah kecewa !!, Hati hati buat para pemula yaaa",NEGATIF
"Launching ptu yg tdk di siapkan oleh pintu, ujung2nya merugikan byk org, ngeLag terus, knp gak sejak awal listing di pintu juga ? Apa yg di takutkan ?",NEGATIF
Tolong di naekin lgi token ptu ak rugi gede nih plisss,NEGATIF
good luck,POSITIF
"ORANG COMPLAIN ITU LANGSUNG DI SELESAIKAN, DEPOSIT 3 JAM BELOM MASUK2,DI CHAT MALAH SURU NUNGGU 1X24 JAM, GA COCOK BUAT INVEST,LEMOOOOT.",NEGATIF
Di tuunggu coin PTU gratis min,POSITIF
Sedih cok . Token pintu naiik pas gua beli turun besar .. mengecewakan hihihihi,NEGATIF
Jangan lupa pakai kode refferal : fathul,POSITIF
"Lama sekali deposit nya, mau transaksi jadi terhambat tolong ditingkatkan lagi sistem nya baru saya akan menaikan bintang!",NEGATIF
Kerren,POSITIF
"Njir kocak exchanger macam apa kayak gini gak bisa liat aktivitas market, gak bisa liat limite order buy/sell gak ada pilihan pasang harga limite buat beli/jual se jelek"" nya market lokal indodax sama TKO masih parahan ini fitur nya untung belom daftar baru buka apk nya aja udah bikin ngakak.",NEGATIF
"Aplikasi pintu ngeluarin token ptu. Tp ko listing dluan di market lain? Harganyapun pas di aplikasi pintu udah mahal, heran",NEGATIF
Aplikasi yang bagus dan sangat update. Untuk pengembangan selanjutnya semoga lebih baik lagi. Salam hangat indonesia,POSITIF
Semoga bermanfaat dan berkah,POSITIF
"Deposit ga masuk sedamgkan saldo saya sudah berkurang,harus hati"" kalian semua",NEGATIF
"Bagus & gak ribet aplikasinya. Cuma saran saya tolong di tambahkan lagi jenis crypto lainnya & alat bantu untuk bisa menganalisa pergerakan harga setiap koin. Oh iya, terimakasih jg sudah menghadirkan Pintu Token d aplikasinya. Semoga kedepan Pintu & penggemar setia aplikasi pintu meraih sukses bersama. PT. PINTU KEMANA SAJA. Kemana saja bisa sukses asal lewat pintu, hehe..",POSITIF
CS nya LEMOT,NEGATIF
Oke,POSITIF
"Makin hari makin lambat nih aplikasi ya, deposit dari tadi sampai skrg blm masuk, payah",NEGATIF
"sangat mudah bertransaksi,untuk kekurangannya tolong ditambahkan untuk rekening BCA supaya mempermudah untuk transaksi depo dan penarikan,tolong untuk di perhatikan dari pihak pintu thank...",POSITIF
"Sangat simple,mudah digunakan",POSITIF
Akun saya gk bisa d verifikasi...gmn caranya,NEGATIF
Mantap,POSITIF
App lawak list koin sendiri usernya di anak tirikan liat aja pintu bakal bnyak yg kecewa lo liat aja di sosmed ig lo pintu udah rame ngehujat,NEGATIF
Admin nya anjg,NEGATIF
"Agak kecewa dengan ketidaksiapan dalam menahan lonjakan pengguna, ngeluarin tokennya aja tapi belinya cuman bisa di tempat lain",NEGATIF
Mudahan biss,POSITIF
"Buat apa bikin market PTU,KLO GX BISA DIBELI...",NEGATIF
"Nyesel pake ini,dlu dluan mau beli pintu eror terus...alhasil harganya udah naik Parah baru bisa beli...parahhh,tau gini ga pake pintu",NEGATIF
Apk gk jelas lu. Launching token bilang jam set8 taunya jam 7 udh di listing,NEGATIF
Sangat kecewa sekali dengan pelayanan pintu. Pas token PTU keluar malah gak bisa di beli. Aku hapus aja,NEGATIF
"Anjg gak adil banget coin lokal tapi lebih mentingin listing di luar dari pada aplikasinya sendiri, kecewa sama pintu",NEGATIF
"Aplikasi yang bikin sakit hati, mending pake Binance deh ke mana-mana... Jauh bro bedanya....",NEGATIF
Pinter bet lu,NEGATIF
"Apk ampas,",NEGATIF
"Listing d tempat lain ðŸ™ƒ, gw tf bnb ke pintu gak masuk masuk admin susah d hubungin juga hati2 yg mau deposit lewat crypto",NEGATIF
Kaga bisa dibeli coin pintu ðŸ˜¡ðŸ˜¡ðŸ˜¡ðŸ˜¡ðŸ˜¡ðŸ˜¡ðŸ˜¡ kecewa kami,NEGATIF
Ada error saat realese toke PTU,NEGATIF
"Payah, tokennya sendiri listingnya di exchane lain Dulu, para pengguna pintu mau di kasih harga atas?",NEGATIF
GA NGOTAK HARGA PTU LISTING LANGSUNG 26K KATANYA GA ADA MAINTENANCE TAPI MAINTENANCE!!!! PTU SCAM!!!!!!,NEGATIF
"Payah, koin nya koin pintu tpi listingnya di exchange lain, cibaduyut",NEGATIF
Error,NEGATIF
Sangat Membantu,NEGATIF
Bagus...bermaanfaat,POSITIF
Top aja,POSITIF
"Bug parah, grafik turun sampe ribuan persen",NEGATIF
Semoga bermanfaat,POSITIF
"Lemot parah, nominal angkanya gk gerak agresif alhasil gk tepat sasaran ketika beli dan jual...apk investasi model apaan kaya gini...buruk sangat ðŸ‘Ž...",NEGATIF
"aplikasi yg simple. tampilan menu lengkap dan mudah dipahami.. Yang paling penting proses penarikan dana sangat cepat, tidak sampai 5 menit sudah masuk rekening. Yg mau download bisa pake kode referral : ""@anjbyan"" ya..biar saling menguntungkan..ðŸ˜ŠðŸ˜Š",POSITIF
"Buat versi web bang, biar bisa pantau lewat pc ðŸ˜‡, masukin referal @fjrx2000431 biar dapet chasback",POSITIF
"Cpet, aman, dan mudah",POSITIF
Good,POSITIF
Joss gandos,POSITIF
tks,POSITIF
Simple,POSITIF
"Good apss lah meskipun spreadnya gede tapi tetep cuan, tengsss pintu lup bgtðŸ˜ðŸ˜",POSITIF
Kenapa BNB saya tidak masuk saya telah mengirim BNB ke PINTU Chat suport tidak ada jawaban,POSITIF
Yuk yang belom kita saling gunakan kode reff biar dapet keuntungan 0.004 % setiap transaksi. Daftar sekarang dan pake kode reff saya dijamin mantul Ini kodenya @gitgitmiko Makasihhh,POSITIF
Blm coba,POSITIF
Nice exchange ðŸ‰,POSITIF
Josss,POSITIF
"Referral : @rizkhon13 Yang mau pake referral saya, saya doakan dpt cuan Mantap aplikasi nya. Tampilan joss enak buat pemula.",POSITIF
"Pintu memang apk simple, sederhana, sebodohnya orang kalau sudah pakai apk ini dia pasti akan mengerti juga.",POSITIF
Mudah menggunakan aplikasinya,POSITIF
"Ada kendala log in kmbali, kirim pesan minta bantuan k Gmail help@pintu ga di bales, di ig pun sama ga di balas",NEGATIF
"yang baru download wajib pake refferal gua nih ""faridzart"" ,langsung dapet bonus saldoðŸ”¥ðŸ”¥ aku untung kamu juga untung ,gasss",POSITIF
Knpa setiap mau fto ktp sma selfi gak bisa? Udah pake sim sma ktp tunggu bebrapa saat lagi,NEGATIF
Bagus sekarang jaringan nya ga MT,POSITIF
Apk lemot,NEGATIF
"Rekomended buat pemula , cocok untuk pasif investing, dapatkan bonus dgn menggunakan referral : @radenramaap",POSITIF
Bagus,POSITIF
"Gokil kak jual koin kena pajak, binance dan pak CZ tertawa melihat ini :v",NEGATIF
Ayo token pintu segera hadi download jangan sampai ketinggalan,POSITIF
mudah mudahan developer dan kru aplikasi ini mendapatkan berkah ...,POSITIF
"Mantab nih , gampang baca nya .. tingaktin terus ya .. banyakin. Uang cryptonya .. ðŸ‘ðŸ’ª",POSITIF
"Mau deposit aja susah dah lebih dari 10x gak bisa juga deposit, gimana mau gunain aplikasi nya, hm",NEGATIF
Join di pintu 2020 smp skr Nga nyesel update selalu mantap sudah mulai banyak coin yg listing jadi lebih gampang buat jual beli n trading Tinggal nunggu tokenya PTU buat di borong....ðŸ‘ðŸ‘ðŸ‘ðŸ‘ðŸ‘ðŸ‘ðŸš€ðŸš€ðŸš€,POSITIF
Mantab event pintu menjanjikan lanjutkan,POSITIF
"Agak lag sana sini tolong upgrade lebih ringan lag pas di dalam menu GK enak bener, dan tolong tambahin koin koin lainnya kalo bisa yg metaverse an",POSITIF
Iya yang itu yang susah gak susah lah,POSITIF
Saya saranin buat ada koin koin micin biar lebih enak lagi,POSITIF
"Di tambahi indikator, serta jangka trading di tambah 1 menit 5 menit 30 menitan, tambahi koin micin juga",NEGATIF
Mantap,POSITIF
Aplikasi bagus. Masukan kode referral untuk mendapatkan komisi (@anjay),POSITIF
Nice,POSITIF
"Mantap, terpercaya dan sangat cepat dalam jual belinya. Recomended dan jangan lupa untuk yg baru gabung masukin referal saya @asepddr",POSITIF
Tolong dikurangi ya fee 2â„… nya,NEGATIF
Saya pakai akun anak saya mau donlot aplikasi pintu gak masuk.masuk gimana caranya,NEGATIF
Kenyamanan hotel bintang lima...pintu memang berkelas....Oya..saya lupa memasukan kode undangan..bgaimana caranya memasukan kode undangan dari teman..?.,POSITIF
"Buat pemula oke lah.. Jual/Beli mudah buat transaksi, Good.. Pertahankan seperti ini pintu..",POSITIF
Nice,POSITIF
Kok gk bisa di instal,NEGATIF
Mantap mau coba dulu,POSITIF
Kren,POSITIF
"Saya mau tanya, di pintu ada mode gelapnya atau tidak?",POSITIF
ðŸ‘,POSITIF
Indikator nya tambah lagi bos. kalo bisa buatin opsi jual otomatis,NEGATIF
pakai kode referal ini @bobdaay auto profit,POSITIF
Bisa narik dana cepat,POSITIF
ok,POSITIF
"Nyesel kemaren ngasuh 5 bintang!! Gua turunin lagi 1 bintang .. karena saldo deposit saya blom masuk , awal kami akan peroses 1x24jm Al hasill sudah 1 hari ehh malah di tambah jadi 2x24jm .. sekiranya saldo saya ga di masukin mending balikin saldo deposit saya ke rek pengirim tadi.. tolong perbaiki kendala ini ..",NEGATIF
Bagus,POSITIF
Pilih pilih mau beresin event juga ya... Gw udh top up buat beresin event trading 1 lgi dari tgl 18 sedang kan habis event tgl 21 kenapa ga dpt sedangkan di grup fb mereka beli akun yg ga kepake sampe puluhan itu dpt semua... Heran sama aplikasi satu ini,NEGATIF
Gampang digunakan oleh pemula seperti saya. Tidak ada biaya transaksi dan informasi yang disajikan cukup jadi referensi.,POSITIF
Mantaaaap pokonya....,POSITIF
"Mohon maaf, kepada semuanya. Saya pengguna baru di aplikasi ini, saya beri bintang 5 sebenarnya saya menyukai aplikasi ini, hanya saja, saya bingung cara menggunakan aplikasi ini, mohon bantuan infonya tentang penggunaan aplikasi ini. Mumpung saya orang awam yg gak tau menggunakan aplikasi ini.",POSITIF
kenapa saya mau masuk ke pintu trs keluar lagi...tolong di cek akun saya.,POSITIF
"Harusny bisa akses lewat website juga lah, lewat apk kurang greget",NEGATIF
Juooooosssss,POSITIF
Sangat bagus semoga berkah,POSITIF
Mantap,POSITIF
Ganteng,POSITIF
saya kasih bintang lima..mudah mudahn saya bisa dalam trading emas.amiiiin,POSITIF
Good,POSITIF
trmkasih pintu...rekomend pokoknya,POSITIF
Buruk,NEGATIF
Sekarang aplikasi nya lemot bner2 apa lagi mau jual atau beli harga berubah2 trus sehingga susah finally,NEGATIF
Komisi seumur hidup dari referal mantap semangat mengajak teman terima kasih,POSITIF
Good,POSITIF
Engga ada radio caca nya kalo bisa lebih kumplit lagi tq ðŸ™,POSITIF
